date,close,high,low,open,volume
2011-06-16,4.109,4.176,4.064,4.114,42625.000
2011-06-17,3.897,4.129,3.889,4.126,40618.000
2011-06-20,3.820,3.878,3.787,3.850,21764.000
2011-06-21,3.878,3.900,3.805,3.831,18383.000
2011-06-22,3.766,3.876,3.759,3.867,17801.000
2011-06-23,3.865,3.910,3.714,3.757,24551.000
2011-06-24,3.919,3.990,3.828,3.841,34636.000
2011-06-27,4.053,4.101,3.919,3.919,37192.000
2011-06-28,4.016,4.055,3.975,4.023,16984.000
2011-06-29,3.936,4.062,3.932,3.997,15850.000
2011-06-30,3.962,3.988,3.917,3.936,12634.000
2011-07-01,4.012,4.062,3.964,3.973,15735.000
2011-07-04,4.077,4.079,4.003,4.003,26064.000
2011-07-05,4.047,4.085,4.023,4.083,14924.000
2011-07-06,4.157,4.174,3.984,4.044,42501.000
2011-07-07,4.170,4.291,4.088,4.148,47437.000
2011-07-08,4.206,4.232,4.126,4.148,27038.000
2011-07-11,4.226,4.258,4.159,4.213,21379.000
2011-07-12,4.135,4.193,4.122,4.191,22651.000
2011-07-13,4.241,4.254,4.126,4.135,25413.000
2011-07-14,4.435,4.461,4.224,4.256,119936.000
2011-07-18,4.399,4.500,4.388,4.455,63384.000
2011-07-19,4.515,4.580,4.304,4.375,66557.000
2011-07-20,4.451,4.565,4.386,4.520,50059.000
2011-07-21,4.399,4.515,4.366,4.420,45601.000
2011-07-22,4.420,4.448,4.386,4.418,26548.000
2011-07-25,4.276,4.511,4.260,4.405,40598.000
2011-07-26,4.161,4.297,4.064,4.245,28802.000
2011-07-27,4.286,4.334,4.040,4.118,34114.000
2011-07-28,4.247,4.269,4.191,4.213,22463.000
2011-07-29,4.228,4.338,4.224,4.256,24953.000
2011-08-01,4.314,4.353,4.168,4.170,25220.000
2011-08-02,4.256,4.295,4.170,4.278,17732.000
2011-08-03,4.174,4.271,4.168,4.191,18629.000
2011-08-04,4.204,4.232,4.144,4.170,16698.000
2011-08-05,4.064,4.144,4.010,4.016,18846.000
2011-08-08,3.837,4.064,3.781,4.021,21798.000
2011-08-09,3.828,3.889,3.679,3.705,16613.000
2011-08-10,3.865,3.973,3.850,3.943,17095.000
2011-08-11,3.951,3.962,3.759,3.777,15154.000
2011-08-12,3.995,4.029,3.951,3.975,21167.000
2011-08-15,4.042,4.120,4.018,4.044,25211.000
2011-08-16,3.990,4.062,3.964,4.021,17114.000
2011-08-17,4.159,4.317,4.060,4.072,51521.000
2011-08-18,4.008,4.116,4.001,4.101,26480.000
2011-08-19,3.973,3.986,3.848,3.921,14820.000
2011-08-22,3.997,4.062,3.956,3.975,10628.000
2011-08-23,4.044,4.049,3.928,3.954,21523.000
2011-08-24,4.003,4.083,4.001,4.079,16412.000
2011-08-25,4.088,4.101,3.973,4.003,21132.000
2011-08-26,4.088,4.098,4.055,4.075,16457.000
2011-08-29,3.980,4.083,3.973,4.044,15023.000
2011-08-30,3.921,4.049,3.915,4.014,10856.000
2011-08-31,3.954,3.973,3.865,3.932,10682.000
2011-09-01,3.897,3.988,3.878,3.971,9740.000
2011-09-02,3.846,3.960,3.841,3.897,7777.000
2011-09-05,3.748,3.815,3.746,3.815,7786.000
2011-09-06,3.735,3.759,3.692,3.712,6422.000
2011-09-07,3.807,3.809,3.738,3.755,6241.000
2011-09-08,3.757,3.839,3.751,3.837,5354.000
2011-09-09,3.684,3.789,3.668,3.761,7509.000
2011-09-13,3.578,3.630,3.558,3.623,7581.000
2011-09-14,3.649,3.651,3.573,3.589,4328.000
2011-09-15,3.638,3.716,3.634,3.651,13469.000
2011-09-16,3.578,3.673,3.569,3.660,6300.000
2011-09-19,3.411,3.582,3.370,3.565,14764.000
2011-09-20,3.411,3.450,3.362,3.414,9243.000
2011-09-21,3.513,3.524,3.375,3.416,17317.000
2011-09-22,3.381,3.493,3.364,3.470,16280.000
2011-09-23,3.308,3.381,3.284,3.362,18092.000
2011-09-26,3.256,3.338,3.234,3.295,12227.000
2011-09-27,3.293,3.303,3.243,3.288,12148.000
2011-09-28,3.219,3.306,3.198,3.301,14298.000
2011-09-29,3.221,3.275,3.176,3.187,12092.000
2011-09-30,3.191,3.241,3.154,3.234,8292.000
2011-10-10,3.176,3.241,3.174,3.213,7793.000
2011-10-11,3.122,3.327,3.048,3.275,37656.000
2011-10-12,3.264,3.280,3.029,3.087,31621.000
2011-10-13,3.318,3.323,3.215,3.236,35236.000
2011-10-14,3.347,3.366,3.284,3.295,41255.000
2011-10-17,3.457,3.470,3.325,3.357,57695.000
2011-10-18,3.398,3.476,3.377,3.427,43997.000
2011-10-19,3.383,3.435,3.338,3.407,31618.000
2011-10-20,3.284,3.381,3.193,3.351,30155.000
2011-10-21,3.122,3.286,3.115,3.273,23724.000
2011-10-24,3.126,3.154,3.027,3.135,35975.000
2011-10-25,3.295,3.297,3.094,3.133,54692.000
2011-10-26,3.325,3.364,3.241,3.249,37929.000
2011-10-27,3.355,3.366,3.310,3.316,27603.000
2011-10-28,3.385,3.407,3.321,3.396,34327.000
2011-10-31,3.405,3.416,3.349,3.373,23706.000
2011-11-01,3.347,3.394,3.301,3.360,34352.000
2011-11-02,3.450,3.455,3.258,3.273,41731.000
2011-11-03,3.448,3.565,3.435,3.446,49785.000
2011-11-04,3.487,3.530,3.439,3.491,28256.000
2011-11-07,3.461,3.519,3.448,3.461,20419.000
2011-11-08,3.409,3.498,3.403,3.452,19748.000
2011-11-09,3.500,3.513,3.377,3.414,23341.000
2011-11-10,3.442,3.506,3.431,3.457,21899.000
2011-11-11,3.455,3.468,3.418,3.439,13421.000
2011-11-14,3.550,3.591,3.502,3.502,31801.000
2011-11-15,3.614,3.619,3.522,3.522,28510.000
2011-11-16,3.446,3.614,3.429,3.614,32819.000
2011-11-17,3.487,3.541,3.431,3.455,21968.000
2011-11-18,3.368,3.485,3.353,3.457,19383.000
2011-11-21,3.360,3.388,3.310,3.370,8258.000
2011-11-22,3.370,3.403,3.316,3.336,9562.000
2011-11-23,3.323,3.405,3.316,3.403,9022.000
2011-11-24,3.301,3.336,3.245,3.295,10156.000
2011-11-25,3.267,3.329,3.260,3.323,7330.000
2011-11-29,3.370,3.373,3.301,3.336,12735.000
2011-11-30,3.195,3.377,3.187,3.377,13140.000
2011-12-01,3.234,3.323,3.232,3.301,19070.000
2011-12-02,3.122,3.230,3.102,3.215,11113.000
2011-12-05,3.051,3.122,3.038,3.122,8279.000
2011-12-06,3.053,3.068,2.984,3.029,9282.000
2011-12-07,3.066,3.077,3.035,3.046,5168.000
2011-12-08,3.064,3.098,2.999,3.066,9537.000
2011-12-09,3.053,3.072,3.023,3.059,4731.000
2011-12-12,3.061,3.079,3.046,3.057,8823.000
2011-12-13,3.161,3.176,3.025,3.064,21216.000
2011-12-14,3.230,3.314,3.139,3.156,49436.000
2011-12-15,3.185,3.228,3.115,3.187,18737.000
2011-12-16,3.299,3.312,3.105,3.150,33767.000
2011-12-19,3.288,3.308,3.206,3.256,27103.000
2011-12-20,3.165,3.299,3.159,3.262,24195.000
2011-12-21,3.020,3.217,3.007,3.195,26256.000
2011-12-22,2.940,3.010,2.856,2.992,22025.000
2011-12-23,2.960,3.012,2.904,2.904,11371.000
2011-12-26,2.908,2.971,2.891,2.949,10771.000
2011-12-27,2.830,2.917,2.809,2.897,10223.000
2011-12-28,2.802,2.856,2.722,2.856,8935.000
2011-12-29,2.822,2.848,2.761,2.761,7259.000
2011-12-30,2.873,2.893,2.822,2.822,7406.000
2012-01-04,2.750,2.914,2.744,2.910,8183.000
2012-01-05,2.610,2.755,2.595,2.746,9295.000
2012-01-06,2.668,2.675,2.564,2.614,7042.000
2012-01-09,2.776,2.785,2.619,2.649,9573.000
2012-01-10,2.869,2.889,2.757,2.798,13650.000
2012-01-11,2.858,2.910,2.830,2.865,12731.000
2012-01-12,2.852,2.886,2.830,2.845,8581.000
2012-01-13,2.720,2.869,2.696,2.852,10114.000
2012-01-16,2.595,2.694,2.590,2.690,7839.000
2012-01-17,2.759,2.763,2.582,2.621,9244.000
2012-01-18,2.685,2.800,2.679,2.763,9045.000
2012-01-19,2.711,2.733,2.636,2.685,6399.000
2012-01-20,2.794,2.824,2.724,2.733,10003.000
2012-01-30,2.794,2.830,2.770,2.794,6557.000
2012-01-31,2.791,2.824,2.748,2.785,4059.000
2012-02-01,2.791,2.819,2.752,2.785,6105.000
2012-02-02,2.839,2.841,2.770,2.796,6679.000
2012-02-03,2.882,2.884,2.817,2.822,14679.000
2012-02-06,2.869,2.906,2.841,2.891,11142.000
2012-02-07,2.783,2.869,2.770,2.869,7569.000
2012-02-08,2.891,2.895,2.770,2.787,12956.000
2012-02-09,2.869,2.908,2.863,2.882,17605.000
2012-02-10,2.889,2.891,2.845,2.865,12745.000
2012-02-13,2.895,2.932,2.835,2.873,17215.000
2012-02-14,2.906,2.936,2.880,2.899,12741.000
2012-02-15,2.962,2.962,2.886,2.906,19466.000
2012-02-16,2.960,2.990,2.921,2.958,18793.000
2012-02-17,2.940,2.986,2.917,2.981,10065.000
2012-02-20,2.958,2.992,2.932,2.968,14190.000
2012-02-21,2.992,2.994,2.904,2.958,13418.000
2012-02-22,3.046,3.068,2.977,2.981,19255.000
2012-02-23,3.044,3.068,3.010,3.046,18844.000
2012-02-24,3.074,3.081,3.014,3.027,19633.000
2012-02-27,3.057,3.120,3.053,3.074,20710.000
2012-02-28,3.044,3.057,2.973,3.055,17781.000
2012-02-29,3.040,3.148,3.035,3.096,33743.000
2012-03-01,3.016,3.051,2.981,2.999,12425.000
2012-03-02,3.057,3.077,3.007,3.020,19114.000
2012-03-05,3.061,3.100,3.053,3.072,15522.000
2012-03-06,3.018,3.057,2.994,3.038,11425.000
2012-03-07,3.035,3.085,2.986,3.018,15874.000
2012-03-08,3.159,3.167,3.059,3.068,33779.000
2012-03-09,3.174,3.180,3.124,3.161,25054.000
2012-03-12,3.172,3.208,3.137,3.174,22367.000
2012-03-13,3.249,3.273,3.150,3.176,26467.000
2012-03-14,3.059,3.267,3.038,3.241,29107.000
2012-03-15,3.066,3.100,3.003,3.048,15430.000
2012-03-16,3.154,3.159,3.059,3.087,15757.000
2012-03-19,3.202,3.226,3.107,3.152,16193.000
2012-03-20,3.111,3.185,3.100,3.185,10682.000
2012-03-21,3.206,3.256,3.126,3.174,29117.000
2012-03-22,3.156,3.228,3.135,3.206,13596.000
2012-03-23,3.055,3.133,3.048,3.133,17204.000
2012-03-26,3.074,3.137,3.025,3.025,6566.000
2012-03-27,3.042,3.111,3.038,3.074,6150.000
2012-03-28,2.891,3.042,2.878,3.027,11859.000
2012-03-29,2.871,2.949,2.841,2.852,8041.000
2012-03-30,2.791,2.895,2.765,2.871,11326.000
2012-04-05,2.878,2.884,2.789,2.789,9283.000
2012-04-06,2.914,2.923,2.865,2.867,8806.000
2012-04-09,2.943,2.997,2.891,2.910,15164.000
2012-04-10,2.990,2.992,2.826,2.914,10743.000
2012-04-11,2.971,3.007,2.938,2.990,9668.000
2012-04-12,3.208,3.269,2.973,2.984,44956.000
2012-04-13,3.176,3.219,3.143,3.219,22112.000
2012-04-16,3.195,3.241,3.113,3.165,21363.000
2012-04-17,3.180,3.204,3.128,3.198,12888.000
2012-04-18,3.200,3.327,3.159,3.198,42310.000
2012-04-19,3.163,3.213,3.111,3.200,23545.000
2012-04-20,3.221,3.226,3.122,3.143,20846.000
2012-04-23,3.217,3.269,3.178,3.230,19919.000
2012-04-24,3.107,3.232,3.035,3.230,28057.000
2012-04-25,3.120,3.133,3.068,3.105,14276.000
2012-04-26,3.089,3.150,3.089,3.118,11665.000
2012-04-27,3.113,3.152,3.079,3.092,8677.000
2012-05-02,3.174,3.219,3.143,3.143,15314.000
2012-05-03,3.206,3.217,3.124,3.172,12303.000
2012-05-04,3.236,3.252,3.180,3.198,15792.000
2012-05-07,3.325,3.329,3.200,3.213,26534.000
2012-05-08,3.299,3.325,3.262,3.323,24193.000
2012-05-09,3.208,3.280,3.198,3.252,18645.000
2012-05-10,3.264,3.277,3.219,3.267,15575.000
2012-05-11,3.219,3.282,3.217,3.273,11976.000
2012-05-14,3.174,3.258,3.172,3.241,11808.000
2012-05-15,3.208,3.219,3.133,3.165,8290.000
2012-05-16,3.271,3.414,3.176,3.187,39508.000
2012-05-17,3.318,3.334,3.252,3.269,19914.000
2012-05-21,3.293,3.323,3.195,3.243,13698.000
2012-05-22,3.321,3.327,3.284,3.295,13935.000
2012-05-23,3.267,3.321,3.223,3.321,9060.000
2012-05-24,3.409,3.593,3.321,3.366,56514.000
2012-05-25,3.310,3.455,3.306,3.353,24216.000
2012-05-28,3.264,3.288,3.150,3.260,23217.000
2012-05-29,3.275,3.282,3.198,3.260,18972.000
2012-05-30,3.306,3.312,3.243,3.277,14014.000
2012-05-31,3.329,3.364,3.256,3.284,17694.000
2012-06-01,3.329,3.392,3.308,3.342,12711.000
2012-06-04,3.189,3.308,3.182,3.308,14254.000
2012-06-05,3.154,3.215,3.068,3.180,15534.000
2012-06-06,3.094,3.152,3.087,3.143,8159.000
2012-06-07,3.077,3.143,3.057,3.113,9243.000
2012-06-08,3.059,3.111,3.051,3.089,5286.000
2012-06-11,3.115,3.122,3.029,3.055,4410.000
2012-06-12,3.079,3.100,3.057,3.092,4576.000
2012-06-13,3.115,3.124,3.064,3.081,6627.000
2012-06-14,3.087,3.143,3.079,3.109,7465.000
2012-06-15,3.131,3.143,3.083,3.083,5051.000
2012-06-18,3.146,3.163,3.120,3.150,7984.000
2012-06-19,3.092,3.143,3.089,3.133,6137.000
2012-06-20,3.109,3.118,3.092,3.098,2900.000
2012-06-21,3.079,3.115,3.059,3.107,4541.000
2012-06-25,3.094,3.131,3.079,3.092,9523.000
2012-06-26,3.092,3.109,3.046,3.100,5708.000
2012-06-27,3.092,3.111,3.072,3.087,5759.000
2012-06-28,2.992,3.113,2.990,3.092,11978.000
2012-06-29,2.946,2.986,2.872,2.872,4508.000
2012-07-02,2.875,2.949,2.831,2.949,12145.000
2012-07-03,2.878,2.915,2.835,2.875,8027.000
2012-07-04,2.858,2.909,2.851,2.878,5098.000
2012-07-05,2.784,2.888,2.781,2.888,9359.000
2012-07-06,2.794,2.831,2.737,2.818,8924.000
2012-07-09,2.693,2.794,2.687,2.794,8937.000
2012-07-10,2.660,2.707,2.633,2.690,4267.000
2012-07-11,2.660,2.690,2.633,2.660,5253.000
2012-07-12,2.730,2.744,2.646,2.663,8806.000
2012-07-13,2.791,2.808,2.727,2.727,12684.000
2012-07-16,2.724,2.774,2.673,2.757,11998.000
2012-07-17,2.838,2.845,2.656,2.751,20819.000
2012-07-18,2.821,2.855,2.761,2.778,9666.000
2012-07-19,2.821,2.855,2.791,2.821,13955.000
2012-07-20,2.821,2.855,2.781,2.791,9420.000
2012-07-23,2.730,2.821,2.724,2.821,5991.000
2012-07-24,2.730,2.764,2.693,2.717,4283.000
2012-07-25,2.707,2.741,2.704,2.734,6858.000
2012-07-26,2.683,2.720,2.680,2.697,4237.000
2012-07-27,2.690,2.737,2.687,2.707,3621.000
2012-07-30,2.667,2.724,2.663,2.724,2591.000
2012-07-31,2.613,2.700,2.593,2.670,6153.000
2012-08-01,2.656,2.690,2.596,2.613,4019.000
2012-08-02,2.613,2.660,2.589,2.640,3792.000
2012-08-03,2.663,2.667,2.623,2.623,4865.000
2012-08-06,2.710,2.710,2.646,2.663,6542.000
2012-08-07,2.727,2.737,2.687,2.710,17577.000
2012-08-08,2.690,2.707,2.660,2.700,12016.000
2012-08-09,2.754,2.757,2.640,2.673,22754.000
2012-08-10,2.747,2.774,2.730,2.744,13326.000
2012-08-13,2.677,2.744,2.667,2.741,7525.000
2012-08-14,2.697,2.700,2.653,2.693,5540.000
2012-08-15,2.650,2.680,2.640,2.673,5089.000
2012-08-16,2.690,2.697,2.640,2.663,7542.000
2012-08-17,2.751,2.825,2.690,2.700,16657.000
2012-08-20,2.707,2.724,2.660,2.724,10173.000
2012-08-21,2.720,2.741,2.700,2.737,10406.000
2012-08-22,2.660,2.730,2.656,2.724,8877.000
2012-08-23,2.687,2.693,2.656,2.660,6329.000
2012-08-24,2.650,2.704,2.646,2.673,5449.000
2012-08-27,2.562,2.663,2.559,2.653,9537.000
2012-08-28,2.579,2.599,2.542,2.562,5285.000
2012-08-29,2.552,2.599,2.552,2.579,4267.000
2012-08-30,2.525,2.579,2.515,2.562,6169.000
2012-08-31,2.525,2.532,2.495,2.505,5112.000
2012-09-03,2.576,2.593,2.522,2.529,5197.000
2012-09-04,2.539,2.589,2.529,2.576,4128.000
2012-09-05,2.576,2.589,2.522,2.539,4475.000
2012-09-06,2.599,2.606,2.582,2.582,5040.000
2012-09-07,2.693,2.714,2.613,2.619,22321.000
2012-09-10,2.700,2.724,2.670,2.693,13120.000
2012-09-11,2.670,2.693,2.643,2.693,8485.000
2012-09-12,2.771,2.781,2.626,2.683,19553.000
2012-09-13,2.872,3.026,2.821,2.825,90177.000
2012-09-14,2.912,2.952,2.794,2.811,47537.000
2012-09-17,2.741,2.885,2.724,2.885,34504.000
2012-09-18,2.761,2.808,2.710,2.727,18723.000
2012-09-19,2.764,2.798,2.747,2.751,13117.000
2012-09-20,2.626,2.784,2.613,2.757,16669.000
2012-09-21,2.572,2.630,2.542,2.623,15161.000
2012-09-24,2.582,2.613,2.515,2.552,8184.000
2012-09-25,2.582,2.619,2.542,2.593,6954.000
2012-09-26,2.502,2.589,2.492,2.556,7986.000
2012-09-27,2.562,2.576,2.495,2.515,9806.000
2012-09-28,2.630,2.636,2.542,2.556,12418.000
2012-10-08,2.717,2.724,2.646,2.656,20350.000
2012-10-09,2.781,2.788,2.704,2.734,22357.000
2012-10-10,2.737,2.771,2.720,2.771,18302.000
2012-10-11,2.704,2.737,2.693,2.727,9813.000
2012-10-12,2.717,2.741,2.700,2.710,6647.000
2012-10-15,2.774,2.808,2.707,2.710,18175.000
2012-10-16,2.730,2.804,2.724,2.764,17572.000
2012-10-17,2.744,2.757,2.724,2.747,4925.000
2012-10-18,2.764,2.784,2.741,2.741,10525.000
2012-10-19,2.751,2.784,2.730,2.784,7141.000
2012-10-22,2.734,2.744,2.683,2.730,8681.000
2012-10-23,2.720,2.751,2.707,2.741,8042.000
2012-10-24,2.697,2.720,2.687,2.697,7119.000
2012-10-25,2.630,2.710,2.626,2.697,11918.000
2012-10-26,2.623,2.663,2.593,2.623,10201.000
2012-10-29,2.646,2.690,2.593,2.630,4857.000
2012-10-30,2.630,2.667,2.623,2.636,5467.000
2012-10-31,2.623,2.636,2.596,2.623,4377.000
2012-11-01,2.680,2.693,2.640,2.640,10167.000
2012-11-02,2.693,2.714,2.673,2.693,10122.000
2012-11-05,2.673,2.704,2.656,2.693,6213.000
2012-11-06,2.626,2.667,2.606,2.653,6712.000
2012-11-07,2.630,2.646,2.623,2.633,4711.000
2012-11-08,2.791,2.875,2.687,2.687,86099.000
2012-11-09,2.845,2.892,2.673,2.737,68009.000
2012-11-12,2.818,2.895,2.794,2.845,37108.000
2012-11-13,2.942,3.003,2.794,2.794,85296.000
2012-11-14,2.919,2.925,2.841,2.925,45308.000
2012-11-15,2.774,2.909,2.757,2.909,31717.000
2012-11-16,2.714,2.774,2.687,2.734,23627.000
2012-11-19,2.754,2.774,2.690,2.690,16329.000
2012-11-20,2.767,2.771,2.737,2.757,13802.000
2012-11-21,2.828,2.841,2.724,2.798,24395.000
2012-11-22,2.761,2.808,2.741,2.801,13605.000
2012-11-23,2.801,2.808,2.741,2.774,18075.000
2012-11-26,2.888,2.909,2.791,2.804,40489.000
2012-11-27,2.730,2.899,2.710,2.858,26027.000
2012-11-28,2.529,2.707,2.525,2.690,24637.000
2012-11-29,2.438,2.579,2.404,2.532,18060.000
2012-11-30,2.468,2.478,2.408,2.438,10965.000
2012-12-03,2.428,2.492,2.424,2.455,9298.000
2012-12-04,2.445,2.451,2.327,2.428,15476.000
2012-12-05,2.589,2.603,2.424,2.445,25828.000
2012-12-06,2.589,2.640,2.559,2.609,17825.000
2012-12-07,2.633,2.636,2.546,2.576,18274.000
2012-12-10,2.670,2.677,2.596,2.636,20876.000
2012-12-11,2.603,2.663,2.599,2.663,21535.000
2012-12-12,2.606,2.623,2.562,2.603,10990.000
2012-12-13,2.502,2.599,2.502,2.589,17294.000
2012-12-14,2.619,2.626,2.498,2.498,18262.000
2012-12-17,2.663,2.693,2.623,2.630,25329.000
2012-12-18,2.613,2.677,2.576,2.663,30705.000
2012-12-19,2.613,2.630,2.569,2.589,18594.000
2012-12-20,2.636,2.640,2.576,2.579,15782.000
2012-12-21,2.680,2.690,2.609,2.643,24901.000
2012-12-24,2.690,2.704,2.673,2.680,18491.000
2012-12-25,2.761,2.774,2.640,2.677,32827.000
2012-12-26,2.788,2.808,2.741,2.808,25641.000
2012-12-27,2.724,2.838,2.717,2.838,28916.000
2012-12-28,2.737,2.747,2.680,2.744,35449.000
2012-12-31,2.761,2.767,2.720,2.741,19352.000
2013-01-04,2.751,2.788,2.730,2.774,22317.000
2013-01-07,2.794,2.798,2.727,2.744,21905.000
2013-01-08,2.828,2.851,2.784,2.794,35978.000
2013-01-09,2.848,2.925,2.804,2.825,38779.000
2013-01-10,2.872,2.892,2.835,2.835,31188.000
2013-01-11,2.791,2.892,2.778,2.892,29528.000
2013-01-14,2.878,2.895,2.751,2.778,33582.000
2013-01-15,2.969,3.154,2.929,2.929,80940.000
2013-01-16,3.033,3.050,2.959,3.003,55058.000
2013-01-17,2.959,3.057,2.942,3.053,31542.000
2013-01-18,2.989,3.016,2.936,2.959,24403.000
2013-01-21,2.986,3.020,2.959,2.989,20062.000
2013-01-22,2.895,2.976,2.892,2.976,24245.000
2013-01-23,2.959,2.969,2.841,2.892,24434.000
2013-01-24,2.835,2.979,2.811,2.952,34697.000
2013-01-25,2.875,2.905,2.821,2.825,17166.000
2013-01-28,2.996,3.020,2.875,2.875,24842.000
2013-01-29,2.989,3.043,2.962,3.043,20567.000
2013-01-30,2.973,3.010,2.922,2.999,18515.000
2013-01-31,2.973,3.016,2.952,2.966,16608.000
2013-02-01,3.080,3.084,2.942,2.956,52810.000
2013-02-04,3.047,3.127,3.030,3.097,28910.000
2013-02-05,3.047,3.050,2.976,3.026,20970.000
2013-02-06,3.100,3.121,3.047,3.047,32471.000
2013-02-07,3.090,3.114,3.047,3.104,22376.000
2013-02-08,3.097,3.121,3.070,3.090,19485.000
2013-02-18,3.070,3.121,3.060,3.097,18126.000
2013-02-19,3.036,3.114,3.033,3.073,18852.000
2013-02-20,3.050,3.050,2.983,3.036,19071.000
2013-02-21,2.999,3.080,2.993,3.040,20346.000
2013-02-22,2.956,3.010,2.939,2.983,16561.000
2013-02-25,2.966,2.983,2.942,2.946,12666.000
2013-02-26,2.936,2.986,2.909,2.956,12253.000
2013-02-27,2.989,3.013,2.939,2.969,18180.000
2013-02-28,3.026,3.030,2.966,3.010,15193.000
2013-03-01,3.070,3.077,3.013,3.016,29561.000
2013-03-04,2.996,3.097,2.939,3.060,29603.000
2013-03-05,3.087,3.094,2.962,2.962,28049.000
2013-03-06,3.124,3.134,3.073,3.110,27991.000
2013-03-07,3.147,3.151,3.094,3.124,34424.000
2013-03-08,3.117,3.181,3.110,3.174,21510.000
2013-03-11,3.100,3.157,3.084,3.124,17428.000
2013-03-12,3.010,3.131,2.989,3.090,22708.000
2013-03-13,2.939,3.013,2.915,2.993,15788.000
2013-03-14,2.999,3.003,2.932,2.939,14074.000
2013-03-15,3.010,3.033,2.949,2.999,12267.000
2013-03-18,2.959,3.010,2.949,2.976,9924.000
2013-03-19,2.925,2.983,2.882,2.962,13949.000
2013-03-20,2.993,2.993,2.919,2.919,19678.000
2013-03-21,3.060,3.063,2.986,2.986,27055.000
2013-03-22,3.047,3.073,3.016,3.050,12432.000
2013-03-25,3.053,3.084,3.016,3.060,9684.000
2013-03-26,2.996,3.060,2.969,3.030,9173.000
2013-03-27,3.033,3.050,2.999,2.999,10513.000
2013-03-28,2.925,3.026,2.912,3.026,14688.000
2013-03-29,3.010,3.016,2.925,2.932,19971.000
2013-04-01,2.969,3.023,2.939,2.983,19047.000
2013-04-02,2.922,2.986,2.909,2.959,9790.000
2013-04-03,2.899,2.932,2.875,2.932,11159.000
2013-04-08,2.882,2.892,2.835,2.885,8165.000
2013-04-09,2.892,2.899,2.878,2.892,9344.000
2013-04-10,2.888,2.915,2.878,2.895,6368.000
2013-04-11,2.892,2.912,2.885,2.902,3881.000
2013-04-12,2.888,2.905,2.875,2.902,4580.000
2013-04-15,2.872,2.902,2.835,2.902,5019.000
2013-04-16,2.895,2.899,2.838,2.841,5176.000
2013-04-17,2.909,2.925,2.875,2.892,3993.000
2013-04-18,2.915,2.922,2.875,2.892,3020.000
2013-04-19,2.976,2.989,2.915,2.925,7693.000
2013-04-22,3.010,3.013,2.962,2.969,12576.000
2013-04-23,2.929,3.010,2.922,2.993,10212.000
2013-04-24,2.942,2.983,2.905,2.959,9994.000
2013-04-25,2.912,2.952,2.888,2.925,6693.000
2013-04-26,2.885,2.912,2.872,2.912,8019.000
2013-05-02,2.882,2.892,2.855,2.885,5173.000
2013-05-03,2.922,2.939,2.885,2.885,10376.000
2013-05-06,2.999,3.003,2.905,2.925,16999.000
2013-05-07,2.993,3.020,2.986,3.020,18100.000
2013-05-08,2.996,3.003,2.959,2.999,13943.000
2013-05-09,2.983,2.996,2.959,2.996,10677.000
2013-05-10,3.010,3.010,2.962,2.989,18402.000
2013-05-13,3.020,3.060,2.996,3.026,15976.000
2013-05-14,2.986,3.043,2.952,3.043,11962.000
2013-05-15,2.993,3.016,2.969,2.969,8590.000
2013-05-16,3.060,3.063,2.973,2.999,26568.000
2013-05-17,3.090,3.104,3.036,3.070,29422.000
2013-05-20,3.178,3.194,3.080,3.107,44062.000
2013-05-21,3.178,3.205,3.144,3.161,26149.000
2013-05-22,3.141,3.188,3.131,3.171,20802.000
2013-05-23,3.171,3.231,3.087,3.141,37371.000
2013-05-24,3.191,3.194,3.141,3.151,25528.000
2013-05-27,3.258,3.289,3.191,3.194,31005.000
2013-05-28,3.245,3.279,3.194,3.258,20937.000
2013-05-29,3.228,3.262,3.215,3.248,20104.000
2013-05-30,3.184,3.228,3.144,3.215,18003.000
2013-05-31,3.181,3.211,3.157,3.181,17822.000
2013-06-03,3.141,3.188,3.131,3.174,14815.000
2013-06-04,3.107,3.154,3.087,3.144,14704.000
2013-06-05,3.117,3.121,3.087,3.107,8267.000
2013-06-06,3.097,3.127,3.080,3.100,9539.000
2013-06-07,3.057,3.114,3.030,3.087,12896.000
2013-06-13,2.939,3.030,2.909,3.030,8351.000
2013-06-14,2.962,2.989,2.939,2.939,7759.000
2013-06-17,2.969,2.979,2.922,2.962,13346.000
2013-06-18,2.962,2.979,2.939,2.969,6273.000
2013-06-19,2.929,2.956,2.895,2.956,7277.000
2013-06-20,2.831,2.932,2.825,2.912,7343.000
2013-06-21,2.828,2.831,2.764,2.818,7411.000
2013-06-24,2.633,2.845,2.546,2.815,27194.000
2013-06-25,2.720,2.821,2.509,2.556,32021.000
2013-06-26,2.757,2.798,2.707,2.707,20867.000
2013-06-27,2.667,2.784,2.650,2.784,10868.000
2013-06-28,2.714,2.717,2.609,2.673,7079.000
2013-07-01,2.811,2.818,2.717,2.717,14167.000
2013-07-02,2.779,2.811,2.754,2.808,13244.000
2013-07-03,2.779,2.783,2.725,2.761,7674.000
2013-07-04,2.793,2.815,2.740,2.740,6228.000
2013-07-05,2.790,2.815,2.772,2.800,6806.000
2013-07-08,3.061,3.069,2.757,2.811,101187.000
2013-07-09,3.019,3.108,2.947,3.061,76961.000
2013-07-10,3.119,3.197,2.965,3.036,99626.000
2013-07-11,3.129,3.133,3.026,3.040,66870.000
2013-07-12,3.126,3.272,3.094,3.112,63100.000
2013-07-15,3.104,3.122,3.044,3.083,33724.000
2013-07-16,3.140,3.162,3.054,3.104,41687.000
2013-07-17,3.108,3.201,3.076,3.144,43877.000
2013-07-18,3.083,3.108,3.061,3.101,24930.000
2013-07-19,2.933,3.137,2.926,3.129,36570.000
2013-07-22,2.908,2.922,2.865,2.915,19186.000
2013-07-23,2.979,3.011,2.901,2.901,25675.000
2013-07-24,2.958,2.990,2.918,2.979,20053.000
2013-07-25,2.897,3.004,2.879,2.961,19393.000
2013-07-26,2.854,2.922,2.843,2.883,15244.000
2013-07-29,2.893,2.893,2.833,2.861,10718.000
2013-07-30,2.908,2.951,2.833,2.875,13966.000
2013-07-31,2.890,2.922,2.875,2.893,8977.000
2013-08-01,2.965,2.968,2.901,2.901,18275.000
2013-08-02,2.951,2.983,2.933,2.983,14716.000
2013-08-05,2.983,2.983,2.918,2.951,15068.000
2013-08-06,2.979,2.986,2.936,2.983,13563.000
2013-08-07,2.915,2.979,2.911,2.976,14244.000
2013-08-08,2.911,2.947,2.890,2.915,7749.000
2013-08-09,2.933,2.940,2.893,2.918,8388.000
2013-08-12,2.983,2.986,2.933,2.936,16367.000
2013-08-13,3.011,3.054,2.976,2.979,20811.000
2013-08-14,2.986,3.033,2.976,3.011,17109.000
2013-08-15,3.036,3.079,2.976,2.994,32180.000
2013-08-16,2.904,3.076,2.897,3.011,26142.000
2013-08-19,2.951,2.972,2.865,2.865,12502.000
2013-08-20,2.951,2.961,2.915,2.947,11087.000
2013-08-21,2.958,2.965,2.915,2.954,8957.000
2013-08-22,2.979,2.994,2.951,2.951,10295.000
2013-08-23,2.922,2.994,2.879,2.979,14286.000
2013-08-26,2.972,2.976,2.915,2.915,10177.000
2013-08-27,3.022,3.022,2.968,2.972,16283.000
2013-08-28,3.029,3.036,2.979,3.004,17833.000
2013-08-29,2.979,3.047,2.972,3.044,15495.000
2013-08-30,2.965,2.997,2.940,2.997,19483.000
2013-09-02,2.979,2.983,2.915,2.965,8799.000
2013-09-03,3.008,3.011,2.972,2.983,15609.000
2013-09-04,3.022,3.036,2.990,2.997,16180.000
2013-09-05,3.011,3.036,2.990,3.022,16508.000
2013-09-06,3.119,3.201,2.997,3.022,61232.000
2013-09-09,3.326,3.430,3.151,3.183,107862.000
2013-09-10,3.272,3.312,3.230,3.312,60157.000
2013-09-11,3.222,3.301,3.208,3.272,39652.000
2013-09-12,3.265,3.380,3.212,3.219,48635.000
2013-09-13,3.290,3.430,3.280,3.294,58636.000
2013-09-16,3.494,3.509,3.176,3.258,96910.000
2013-09-17,3.448,3.469,3.344,3.433,84042.000
2013-09-18,3.448,3.530,3.326,3.444,76542.000
2013-09-23,3.619,3.627,3.458,3.483,89311.000
2013-09-24,3.687,3.702,3.551,3.602,82023.000
2013-09-25,3.469,3.684,3.462,3.677,77942.000
2013-09-26,3.312,3.501,3.298,3.480,54860.000
2013-09-27,3.362,3.376,3.305,3.333,21592.000
2013-09-30,3.405,3.455,3.369,3.380,31172.000
2013-10-08,3.412,3.444,3.326,3.405,26704.000
2013-10-09,3.401,3.441,3.362,3.380,29157.000
2013-10-10,3.501,3.526,3.369,3.401,48011.000
2013-10-11,3.523,3.537,3.451,3.501,42137.000
2013-10-14,3.530,3.594,3.480,3.530,36540.000
2013-10-15,3.419,3.566,3.365,3.530,43710.000
2013-10-16,3.319,3.412,3.290,3.380,28499.000
2013-10-17,3.376,3.437,3.323,3.337,20718.000
2013-10-18,3.391,3.433,3.330,3.355,9387.000
2013-10-21,3.498,3.512,3.398,3.398,28169.000
2013-10-22,3.562,3.612,3.487,3.505,60835.000
2013-10-23,3.433,3.573,3.416,3.562,30107.000
2013-10-24,3.433,3.451,3.383,3.398,15016.000
2013-10-25,3.337,3.466,3.326,3.441,17528.000
2013-10-28,3.358,3.362,3.319,3.326,10020.000
2013-10-29,3.312,3.398,3.194,3.391,23882.000
2013-10-30,3.344,3.344,3.272,3.290,9936.000
2013-10-31,3.380,3.405,3.308,3.355,12916.000
2013-11-01,3.512,3.530,3.319,3.362,37650.000
2013-11-04,3.516,3.555,3.469,3.505,25929.000
2013-11-05,3.605,3.609,3.469,3.483,37427.000
2013-11-06,3.562,3.641,3.541,3.630,25677.000
2013-11-07,3.580,3.602,3.516,3.526,27802.000
2013-11-08,3.408,3.573,3.405,3.573,22100.000
2013-11-11,3.412,3.423,3.319,3.391,11886.000
2013-11-12,3.752,3.752,3.398,3.398,76053.000
2013-11-13,3.666,3.748,3.616,3.748,66524.000
2013-11-14,3.795,3.838,3.634,3.648,85770.000
2013-11-15,3.802,3.859,3.723,3.784,71620.000
2013-11-18,3.827,3.838,3.698,3.752,64016.000
2013-11-19,3.773,3.827,3.727,3.827,40656.000
2013-11-20,3.898,3.906,3.730,3.780,65710.000
2013-11-21,3.723,3.888,3.716,3.888,47939.000
2013-11-22,3.648,3.727,3.609,3.709,43990.000
2013-11-25,3.687,3.727,3.616,3.655,23992.000
2013-11-26,3.734,3.737,3.659,3.687,19988.000
2013-11-27,3.723,3.787,3.684,3.702,23798.000
2013-11-28,3.741,3.777,3.705,3.730,25902.000
2013-11-29,3.716,3.759,3.684,3.745,24137.000
2013-12-02,3.433,3.648,3.380,3.623,38748.000
2013-12-03,3.501,3.509,3.383,3.412,15605.000
2013-12-04,3.591,3.594,3.487,3.512,22391.000
2013-12-05,3.569,3.630,3.534,3.576,15772.000
2013-12-06,3.569,3.641,3.555,3.594,17438.000
2013-12-09,3.594,3.609,3.551,3.555,12030.000
2013-12-10,3.576,3.630,3.569,3.594,14003.000
2013-12-11,3.487,3.580,3.473,3.576,14012.000
2013-12-12,3.519,3.548,3.469,3.483,8574.000
2013-12-13,3.580,3.598,3.462,3.491,16741.000
2013-12-16,3.541,3.605,3.512,3.587,10616.000
2013-12-17,3.491,3.562,3.473,3.541,7920.000
2013-12-18,3.498,3.548,3.462,3.498,8557.000
2013-12-19,3.444,3.519,3.437,3.512,7527.000
2013-12-20,3.373,3.483,3.369,3.444,9820.000
2013-12-23,3.365,3.419,3.308,3.348,5970.000
2013-12-24,3.369,3.419,3.337,3.373,8299.000
2013-12-25,3.441,3.444,3.362,3.394,11439.000
2013-12-26,3.348,3.466,3.348,3.462,9734.000
2013-12-27,3.469,3.487,3.369,3.394,13175.000
2013-12-30,3.494,3.509,3.437,3.505,9295.000
2013-12-31,3.494,3.512,3.444,3.473,6498.000
2014-01-02,3.562,3.562,3.466,3.501,16568.000
2014-01-03,3.530,3.566,3.491,3.551,10788.000
2014-01-06,3.455,3.555,3.441,3.544,16404.000
2014-01-07,3.534,3.534,3.401,3.455,14832.000
2014-01-08,3.562,3.602,3.526,3.544,22862.000
2014-01-09,3.562,3.723,3.559,3.580,32801.000
2014-01-10,3.548,3.619,3.505,3.523,15891.000
2014-01-13,3.501,3.584,3.412,3.584,19041.000
2014-01-14,3.519,3.523,3.433,3.473,15878.000
2014-01-15,3.716,3.766,3.473,3.537,39555.000
2014-01-16,3.716,3.798,3.648,3.666,53547.000
2014-01-17,3.691,3.759,3.666,3.666,30206.000
2014-01-20,3.727,3.834,3.705,3.720,38111.000
2014-01-21,3.805,3.845,3.677,3.712,39230.000
2014-01-22,3.966,4.034,3.770,3.791,77001.000
2014-01-23,3.963,4.024,3.906,3.970,48072.000
2014-01-24,4.006,4.095,3.920,3.952,52445.000
2014-01-27,3.909,4.095,3.895,3.973,45715.000
2014-01-28,3.956,3.963,3.834,3.906,30014.000
2014-01-29,3.973,3.998,3.902,3.948,22818.000
2014-01-30,3.845,3.984,3.841,3.973,17199.000
2014-02-07,3.909,3.920,3.766,3.784,18011.000
2014-02-10,4.020,4.066,3.906,3.909,37244.000
2014-02-11,4.059,4.220,4.013,4.056,47549.000
2014-02-12,4.066,4.120,4.016,4.063,32733.000
2014-02-13,3.973,4.109,3.970,4.070,30342.000
2014-02-14,4.052,4.059,3.956,3.970,22232.000
2014-02-17,4.167,4.192,4.070,4.131,36240.000
2014-02-18,4.049,4.177,4.034,4.145,35992.000
2014-02-19,4.002,4.134,3.988,4.038,25435.000
2014-02-20,3.848,4.045,3.830,4.002,33818.000
2014-02-21,3.820,3.888,3.759,3.848,23652.000
2014-02-24,3.884,3.891,3.773,3.791,16909.000
2014-02-25,3.748,3.952,3.694,3.895,30244.000
2014-02-26,3.770,3.787,3.687,3.712,16396.000
2014-02-27,3.784,3.841,3.755,3.795,20625.000
2014-02-28,3.748,3.784,3.609,3.784,21199.000
2014-03-03,3.845,3.848,3.723,3.723,19932.000
2014-03-04,3.787,3.848,3.737,3.848,16543.000
2014-03-05,3.802,3.877,3.798,3.827,15081.000
2014-03-06,3.777,3.823,3.727,3.795,12349.000
2014-03-07,3.777,3.845,3.755,3.809,12795.000
2014-03-10,3.637,3.795,3.609,3.766,13483.000
2014-03-11,3.591,3.637,3.551,3.609,19453.000
2014-03-12,3.541,3.612,3.476,3.612,13025.000
2014-03-13,3.562,3.580,3.526,3.541,9236.000
2014-03-14,3.551,3.569,3.483,3.555,7876.000
2014-03-17,3.612,3.616,3.541,3.559,9511.000
2014-03-18,3.634,3.680,3.612,3.634,8718.000
2014-03-19,3.605,3.630,3.566,3.630,10694.000
2014-03-20,3.544,3.627,3.541,3.598,9354.000
2014-03-21,3.655,3.677,3.512,3.534,10348.000
2014-03-24,3.880,3.902,3.666,3.666,50184.000
2014-03-25,3.848,3.902,3.805,3.873,21417.000
2014-03-26,3.838,3.855,3.816,3.848,10833.000
2014-03-27,3.823,3.880,3.795,3.827,12368.000
2014-03-28,3.734,3.888,3.720,3.880,16348.000
2014-03-31,3.734,3.737,3.641,3.723,12196.000
2014-04-01,3.813,3.863,3.705,3.720,10218.000
2014-04-02,3.745,3.848,3.720,3.816,7201.000
2014-04-03,3.612,3.777,3.605,3.730,15591.000
2014-04-04,3.648,3.662,3.576,3.584,12023.000
2014-04-08,3.720,3.755,3.630,3.641,11395.000
2014-04-09,3.748,3.809,3.702,3.716,8208.000
2014-04-10,3.737,3.798,3.720,3.748,14003.000
2014-04-11,3.773,3.848,3.727,3.737,17993.000
2014-04-14,3.827,3.845,3.759,3.802,14861.000
2014-04-15,3.813,3.848,3.784,3.820,13773.000
2014-04-16,3.852,3.909,3.795,3.816,14839.000
2014-04-17,3.820,3.909,3.813,3.866,9201.000
2014-04-18,3.809,3.834,3.777,3.795,9386.000
2014-04-21,3.777,3.884,3.773,3.784,11759.000
2014-04-22,3.702,3.777,3.673,3.741,15230.000
2014-04-23,3.666,3.709,3.630,3.694,8653.000
2014-04-24,3.659,3.737,3.652,3.698,9197.000
2014-04-25,3.605,3.705,3.580,3.659,9153.000
2014-04-28,3.423,3.598,3.391,3.584,18630.000
2014-04-29,3.441,3.444,3.383,3.416,15249.000
2014-04-30,3.473,3.487,3.405,3.433,6088.000
2014-05-05,3.501,3.501,3.444,3.473,4179.000
2014-05-06,3.512,3.544,3.487,3.509,8205.000
2014-05-07,3.469,3.498,3.455,3.491,5332.000
2014-05-08,3.476,3.516,3.466,3.466,5596.000
2014-05-09,3.473,3.512,3.430,3.466,5888.000
2014-05-12,3.537,3.541,3.473,3.516,10071.000
2014-05-13,3.501,3.551,3.469,3.541,6094.000
2014-05-14,3.498,3.519,3.476,3.491,6174.000
2014-05-15,3.351,3.519,3.348,3.505,13063.000
2014-05-16,3.358,3.380,3.326,3.358,9742.000
2014-05-19,3.391,3.412,3.358,3.394,5936.000
2014-05-20,3.419,3.433,3.383,3.398,4850.000
2014-05-21,3.441,3.451,3.401,3.433,4637.000
2014-05-22,3.458,3.491,3.419,3.441,7548.000
2014-05-23,3.462,3.473,3.441,3.451,3536.000
2014-05-26,3.473,3.494,3.448,3.462,5863.000
2014-05-27,3.466,3.487,3.437,3.476,4265.000
2014-05-28,3.509,3.509,3.441,3.473,11216.000
2014-05-29,3.455,3.505,3.437,3.505,5608.000
2014-05-30,3.476,3.480,3.437,3.441,6455.000
2014-06-03,3.476,3.512,3.444,3.476,7113.000
2014-06-04,3.394,3.494,3.387,3.494,6945.000
2014-06-05,3.423,3.426,3.383,3.383,6558.000
2014-06-06,3.423,3.426,3.391,3.416,5940.000
2014-06-09,3.412,3.430,3.380,3.398,4954.000
2014-06-10,3.462,3.466,3.405,3.412,6447.000
2014-06-11,3.458,3.483,3.444,3.476,5822.000
2014-06-12,3.491,3.530,3.458,3.462,10689.000
2014-06-13,3.530,3.559,3.473,3.483,10131.000
2014-06-16,3.534,3.548,3.512,3.548,5467.000
2014-06-17,3.480,3.541,3.469,3.530,8634.000
2014-06-18,3.455,3.498,3.451,3.473,5130.000
2014-06-19,3.433,3.512,3.416,3.458,8941.000
2014-06-20,3.494,3.509,3.423,3.437,5821.000
2014-06-23,3.634,3.641,3.476,3.476,23135.000
2014-06-24,3.630,3.641,3.591,3.634,11482.000
2014-06-25,3.705,3.780,3.623,3.634,28820.000
2014-06-26,3.766,3.802,3.680,3.709,19382.000
2014-06-27,3.741,3.830,3.737,3.830,12860.000
2014-06-30,3.702,3.755,3.673,3.741,18308.000
2014-07-01,3.913,3.963,3.702,3.702,43394.000
2014-07-02,3.977,3.988,3.902,3.927,34555.000
2014-07-03,3.938,3.995,3.916,3.945,22241.000
2014-07-11,4.331,4.331,3.938,4.331,84572.000
2014-07-14,4.620,4.743,4.350,4.350,107293.000
2014-07-15,4.436,4.590,4.376,4.582,64717.000
2014-07-16,4.305,4.503,4.275,4.436,31264.000
2014-07-17,4.496,4.545,4.286,4.286,41547.000
2014-07-18,4.649,4.945,4.458,4.481,112459.000
2014-07-21,4.679,4.844,4.552,4.642,50334.000
2014-07-22,4.728,4.841,4.590,4.597,33621.000
2014-07-23,4.623,4.762,4.601,4.687,21354.000
2014-07-24,4.590,4.679,4.533,4.608,17657.000
2014-07-25,4.672,4.781,4.593,4.608,20843.000
2014-07-28,4.844,4.882,4.552,4.721,58369.000
2014-07-29,5.088,5.133,4.844,4.859,88712.000
2014-07-30,5.020,5.170,4.953,5.092,26623.000
2014-07-31,5.080,5.140,4.983,5.080,27103.000
2014-08-01,4.871,5.092,4.863,5.084,34537.000
2014-08-04,5.092,5.170,4.841,4.871,35915.000
2014-08-05,5.122,5.170,5.043,5.170,29794.000
2014-08-06,5.058,5.118,5.002,5.092,29833.000
2014-08-07,5.103,5.125,4.960,5.058,36130.000
2014-08-08,5.320,5.384,5.077,5.107,47726.000
2014-08-11,5.200,5.496,5.189,5.376,42984.000
2014-08-12,5.290,5.335,5.095,5.200,30769.000
2014-08-13,5.433,5.549,5.275,5.275,48219.000
2014-08-14,5.545,5.702,5.328,5.328,54036.000
2014-08-15,5.601,5.620,5.477,5.616,23411.000
2014-08-18,5.631,5.650,5.455,5.597,24018.000
2014-08-19,5.481,5.605,5.451,5.605,30901.000
2014-08-20,5.552,5.556,5.376,5.466,18798.000
2014-08-21,5.406,5.612,5.395,5.526,25699.000
2014-08-22,5.384,5.507,5.313,5.403,33677.000
2014-09-30,5.230,5.620,4.990,5.620,110894.000
2014-10-08,5.268,5.271,5.084,5.114,42057.000
2014-10-09,5.290,5.350,5.204,5.264,46378.000
2014-10-10,5.215,5.324,5.178,5.283,31173.000
2014-10-13,5.241,5.256,5.069,5.144,33452.000
2014-10-14,5.170,5.256,5.133,5.245,23487.000
2014-10-15,5.230,5.283,5.140,5.193,19873.000
2014-10-16,5.204,5.301,5.155,5.208,27248.000
2014-10-17,5.129,5.166,4.990,5.152,24675.000
2014-10-20,5.208,5.223,5.065,5.065,14192.000
2014-10-21,5.174,5.226,5.103,5.133,14881.000
2014-10-22,5.107,5.166,5.062,5.152,16663.000
2014-10-23,4.919,5.170,4.908,5.110,23515.000
2014-10-24,5.125,5.152,4.919,4.919,30177.000
2014-10-27,5.320,5.376,5.125,5.208,36445.000
2014-10-28,5.684,5.713,5.384,5.384,45093.000
2014-10-29,5.968,6.253,5.695,5.695,71894.000
2014-10-30,5.893,6.126,5.845,6.002,47627.000
2014-10-31,5.950,6.032,5.732,5.893,29417.000
2014-11-03,5.901,6.066,5.863,5.923,26026.000
2014-11-04,5.890,5.938,5.781,5.927,22074.000
2014-11-05,5.871,5.935,5.860,5.863,14194.000
2014-11-06,6.088,6.253,5.863,5.863,35626.000
2014-11-07,5.994,6.182,5.987,6.088,24920.000
2014-11-10,6.017,6.021,5.882,5.920,20508.000
2014-11-11,5.890,6.088,5.627,6.036,34155.000
2014-11-12,6.073,6.081,5.762,5.875,17138.000
2014-11-13,6.103,6.178,5.957,6.077,19646.000
2014-11-14,6.099,6.156,5.938,6.088,14577.000
2014-11-17,6.245,6.275,6.039,6.088,25251.000
2014-11-18,6.066,6.290,5.927,6.275,25649.000
2014-11-19,6.002,6.062,5.845,6.054,37835.000
2014-11-20,6.006,6.047,5.908,5.957,13196.000
2014-11-21,6.096,6.126,5.957,6.021,17783.000
2014-11-24,6.219,6.294,6.069,6.099,26792.000
2014-11-25,6.841,6.841,6.219,6.219,42060.000
2014-11-26,7.175,7.418,6.736,6.972,41200.000
2014-11-27,6.961,7.287,6.800,7.193,41088.000
2014-11-28,7.118,7.193,6.706,6.999,46624.000
2014-12-01,6.849,7.096,6.822,6.920,27121.000
2014-12-02,6.905,6.931,6.669,6.744,28801.000
2014-12-03,6.849,6.950,6.706,6.875,26183.000
2014-12-04,7.392,7.486,6.819,6.849,44324.000
2014-12-05,7.501,7.531,7.062,7.407,50030.000
2014-12-08,7.163,7.437,7.115,7.437,51107.000
2014-12-09,6.448,6.969,6.448,6.935,68227.000
2014-12-10,6.673,6.695,6.103,6.425,32446.000
2014-12-11,6.811,6.875,6.511,6.556,18529.000
2014-12-12,6.796,6.879,6.598,6.819,24854.000
2014-12-15,6.811,6.856,6.594,6.706,19575.000
2014-12-16,6.811,6.901,6.763,6.763,9458.000
2014-12-17,6.864,7.006,6.485,6.774,23529.000
2014-12-18,6.796,6.897,6.725,6.781,12060.000
2014-12-19,6.826,6.882,6.605,6.744,18662.000
2014-12-22,6.493,6.826,6.407,6.826,22286.000
2014-12-23,6.317,6.485,6.257,6.485,20226.000
2014-12-24,6.388,6.482,6.148,6.212,19466.000
2014-12-25,6.373,6.425,6.264,6.425,19062.000
2014-12-26,6.388,6.407,6.283,6.403,17796.000
2014-12-29,6.249,6.444,6.163,6.422,29501.000
2014-12-30,6.452,6.482,6.182,6.249,23817.000
2014-12-31,7.021,7.096,6.395,6.395,45383.000
2015-01-05,6.871,7.044,6.763,7.044,29342.000
2015-01-06,6.871,7.006,6.613,6.819,33499.000
2015-01-07,6.770,6.909,6.736,6.800,22386.000
2015-01-08,6.676,6.774,6.489,6.774,19435.000
2015-01-09,6.620,6.725,6.530,6.598,11446.000
2015-01-12,6.699,6.751,6.335,6.564,14600.000
2015-01-13,6.871,6.924,6.650,6.710,17543.000
2015-01-14,6.826,6.991,6.792,6.894,10388.000
2015-01-15,6.789,6.860,6.744,6.766,6775.000
2015-01-16,6.714,6.815,6.695,6.725,14076.000
2015-01-19,6.766,6.871,6.324,6.339,18530.000
2015-01-20,7.220,7.418,6.969,6.999,39596.000
2015-01-21,7.665,7.871,7.156,7.156,40076.000
2015-01-22,7.748,7.864,7.538,7.680,27713.000
2015-01-23,7.688,7.789,7.568,7.748,19485.000
2015-01-26,7.973,8.033,7.587,7.587,25047.000
2015-01-27,7.935,8.055,7.722,7.980,13894.000
2015-01-28,7.834,8.025,7.759,7.834,7141.000
2015-01-29,7.871,7.999,7.680,7.680,10162.000
2015-01-30,8.197,8.467,7.924,7.935,25248.000
2015-02-02,8.081,8.160,7.722,8.055,15697.000
2015-02-03,8.108,8.167,7.961,7.980,10793.000
2015-02-04,8.006,8.167,7.988,8.096,8901.000
2015-02-05,8.239,8.280,8.006,8.018,24853.000
2015-02-06,7.819,8.272,7.800,8.242,13727.000
2015-02-09,8.602,8.602,7.684,7.793,25814.000
2015-02-10,8.812,9.363,8.216,9.363,48643.000
2015-02-11,9.591,9.591,8.478,8.617,52391.000
2015-02-12,9.374,9.629,9.258,9.453,28159.000
2015-02-13,9.647,9.760,9.366,9.374,25866.000
2015-02-16,9.531,9.632,9.408,9.632,20125.000
2015-02-17,9.366,9.479,9.254,9.468,16888.000
2015-02-25,9.033,9.516,8.992,9.295,19654.000
2015-02-26,9.561,9.644,9.198,9.198,19046.000
2015-02-27,9.434,9.696,9.359,9.512,20682.000
2015-03-02,9.505,9.591,9.366,9.497,20211.000
2015-03-03,9.629,9.647,9.423,9.505,21973.000
2015-03-04,10.029,10.179,9.475,9.535,25678.000
2015-03-05,10.172,10.483,9.928,9.928,21221.000
2015-03-06,9.958,10.340,9.857,10.172,11329.000
2015-03-09,9.906,10.097,9.636,9.913,13075.000
2015-03-10,9.921,10.059,9.696,9.928,13527.000
2015-03-11,9.587,9.928,9.576,9.921,15061.000
2015-03-12,9.689,9.692,9.497,9.554,12241.000
2015-03-13,9.689,9.734,9.617,9.715,9252.000
2015-03-16,9.962,10.101,9.666,9.666,18743.000
2015-03-17,10.621,10.925,9.973,9.973,29658.000
2015-03-18,10.809,10.959,10.389,10.648,27474.000
2015-03-19,11.273,11.468,10.610,10.809,26902.000
2015-03-20,12.401,12.401,11.989,12.176,51971.000
2015-03-23,12.435,12.701,12.101,12.289,38678.000
2015-03-24,12.375,12.483,11.742,12.397,40425.000
2015-03-25,12.259,12.397,11.951,12.322,17221.000
2015-03-26,11.951,12.360,11.802,12.255,19894.000
2015-03-27,12.491,13.075,12.187,12.187,29637.240
2015-03-30,12.517,12.738,11.989,12.547,23791.000
2015-03-31,12.225,12.551,11.273,12.513,20510.000
2015-04-01,12.536,12.719,12.251,12.319,23326.000
2015-04-02,13.413,13.619,12.551,12.551,35441.000
2015-04-03,14.158,14.293,13.120,13.360,20636.000
2015-04-07,14.754,15.042,13.933,14.143,25019.000
2015-04-08,14.563,15.125,14.038,14.780,19115.000
2015-04-09,14.600,14.799,13.862,14.611,15797.000
2015-04-10,14.709,14.761,14.432,14.600,12115.000
2015-04-13,14.862,15.024,14.724,15.024,14064.000
2015-04-14,15.915,16.103,14.615,14.870,21938.000
2015-04-15,16.144,16.859,14.986,15.908,30319.000
2015-04-16,16.781,17.515,15.218,15.327,24065.000
2015-04-17,17.320,17.440,16.485,16.807,25518.000
2015-04-20,15.589,17.901,15.589,17.425,44515.000
2015-04-21,16.088,16.485,14.428,15.627,46458.000
2015-04-22,16.856,16.859,15.649,16.065,28968.000
2015-04-23,16.503,17.140,16.429,16.874,23676.000
2015-04-24,16.473,16.668,15.814,16.114,22368.000
2015-04-27,17.418,18.122,17.122,17.421,84451.000
2015-04-28,16.260,17.148,15.840,17.148,49962.000
2015-04-29,15.908,16.178,15.664,16.103,18201.000
2015-04-30,15.657,16.028,15.533,15.908,24441.000
2015-05-04,15.795,16.859,15.702,16.110,37448.000
2015-06-02,17.376,17.376,17.376,17.376,610.000
2015-06-03,19.115,19.115,19.115,19.115,619.000
2015-06-04,21.026,21.026,20.239,21.026,45516.000
2015-06-05,21.913,22.846,20.984,21.730,136153.000
2015-06-08,20.014,21.561,19.976,21.524,84271.000
2015-06-09,20.130,20.231,19.107,19.778,77072.000
2015-06-10,20.553,20.868,19.860,20.617,87271.000
2015-06-11,21.351,21.722,20.235,20.606,73773.000
2015-06-12,21.666,22.292,21.423,22.105,73526.000
2015-06-15,20.134,22.015,19.868,22.015,76290.000
2015-06-16,20.700,20.981,19.860,20.213,69712.000
2015-06-17,20.042,20.999,18.859,20.999,71511.000
2015-06-18,18.034,19.610,18.034,19.235,162896.000
2015-06-19,16.232,17.058,16.232,16.420,137989.000
2015-06-23,15.538,16.110,14.609,15.716,154289.000
2015-06-24,16.195,16.804,15.857,15.885,133175.000
2015-06-25,14.994,16.485,14.637,16.382,108989.000
2015-06-26,13.492,14.703,13.492,14.646,128466.000
2015-06-29,12.141,14.168,12.141,14.074,162235.000
2015-06-30,13.352,13.352,10.931,11.597,183484.000
2015-07-01,13.042,14.524,12.836,13.361,194981.000
2015-07-02,13.755,14.055,13.080,13.886,296596.000
2015-07-03,12.610,14.318,12.376,13.417,198312.000
2015-07-06,12.507,13.868,11.550,13.868,206254.000
2015-07-07,11.259,12.413,11.259,11.635,77259.000
2015-07-10,12.385,12.385,11.897,12.338,72237.000
2015-07-13,13.624,13.624,13.033,13.624,155902.000
2015-07-14,14.628,14.947,13.886,13.886,267924.000
2015-07-15,13.164,14.449,13.164,13.952,154925.000
2015-07-16,13.164,13.624,12.029,12.376,121527.000
2015-07-17,13.943,14.074,13.183,13.183,118346.000
2015-07-20,14.084,14.449,13.614,14.093,151527.000
2015-07-21,14.384,14.693,13.399,14.055,152732.000
2015-07-22,14.084,14.590,13.793,14.449,107529.000
2015-07-23,14.327,14.421,13.971,14.102,128405.000
2015-07-24,13.924,14.609,13.811,14.403,170445.000
2015-07-27,12.535,13.793,12.535,13.652,115036.000
2015-07-28,11.569,12.498,11.278,11.325,149188.000
2015-07-29,12.010,12.066,11.165,11.728,111281.000
2015-07-30,12.291,12.958,11.935,12.310,164034.000
2015-07-31,11.728,12.423,11.494,12.104,108628.000
2015-08-03,10.706,11.869,10.565,11.869,99867.000
2015-08-04,11.597,11.653,10.565,10.724,118013.000
2015-08-05,11.785,12.291,11.588,11.785,139112.000
2015-08-06,11.710,11.841,11.278,11.438,77944.000
2015-08-07,12.235,12.395,11.766,11.766,136641.000
2015-08-10,13.399,13.417,12.357,12.366,174351.000
2015-08-11,14.055,14.506,13.202,13.230,207816.000
2015-08-12,13.492,14.187,13.417,13.605,115241.000
2015-08-13,13.943,14.168,13.399,13.399,122686.000
2015-08-14,13.802,14.196,13.652,14.084,97368.000
2015-08-17,13.877,14.074,13.220,13.699,108800.000
2015-08-18,12.488,13.877,12.488,13.793,139920.000
2015-08-19,12.986,13.230,11.541,12.038,103849.000
2015-08-20,12.451,13.126,12.348,13.042,71073.000
2015-08-21,12.029,12.526,11.710,12.198,61428.000
2015-08-24,10.828,11.438,10.828,11.438,123810.000
2015-08-25,9.749,10.321,9.749,9.814,91428.000
2015-08-26,9.430,10.265,9.007,9.946,118842.000
2015-08-27,10.096,10.368,9.195,10.349,150633.000
2015-08-28,10.931,10.950,9.852,9.964,247034.000
2015-08-31,9.843,10.790,9.843,10.790,235443.000
2015-09-01,8.932,9.852,8.857,9.852,136666.000
2015-09-02,8.107,9.148,8.050,8.426,98726.000
2015-09-07,8.351,8.679,8.266,8.332,78362.000
2015-09-08,9.073,9.186,8.332,8.351,97511.000
2015-09-09,9.692,9.852,9.280,9.280,132279.000
2015-09-10,9.730,10.387,9.270,9.627,148027.000
2015-09-11,9.889,10.162,9.674,9.758,88701.000
2015-09-14,8.904,10.124,8.904,9.936,115435.000
2015-09-15,8.463,8.773,8.163,8.454,76042.000
2015-09-16,9.308,9.308,8.444,8.444,83093.000
2015-09-17,9.345,9.946,9.176,9.383,141870.000
2015-09-18,9.561,9.655,9.298,9.336,55576.000
2015-09-21,10.246,10.359,9.364,9.514,107368.000
2015-09-22,10.218,10.678,9.852,10.274,99089.000
2015-09-23,9.983,10.274,9.758,9.861,55183.000
2015-09-24,10.133,10.227,9.955,10.058,43066.000
2015-09-25,10.162,10.790,9.993,10.096,98620.000
2015-09-28,10.359,10.434,9.777,9.964,57674.000
2015-09-29,10.415,10.818,10.133,10.227,98508.000
2015-09-30,10.603,10.790,10.321,10.396,70463.000
2015-10-08,11.147,11.316,10.790,10.978,73549.000
2015-10-09,11.184,11.494,11.044,11.137,81736.000
2015-10-12,12.057,12.188,11.165,11.259,111037.000
2015-10-13,12.639,12.657,11.925,12.057,94120.000
2015-10-14,12.770,13.689,12.667,13.333,162181.000
2015-10-15,13.248,13.258,12.338,12.338,102491.000
2015-10-16,13.455,13.699,12.929,13.427,111163.000
2015-10-19,13.098,13.793,12.761,13.624,106906.000
2015-10-20,13.399,13.530,12.873,13.117,99253.000
2015-10-21,12.057,13.324,12.057,13.295,115778.000
2015-10-22,13.267,13.267,11.897,11.897,153893.000
2015-10-23,14.590,14.590,13.746,14.084,131161.000
2015-10-26,14.872,16.054,14.637,16.054,384070.000
2015-10-27,14.881,15.453,13.774,14.534,312035.000
2015-10-28,14.140,14.919,14.093,14.534,161463.000
2015-10-29,14.318,14.787,14.130,14.224,123928.000
2015-10-30,13.877,14.543,13.840,14.543,117466.000
2015-11-02,13.192,13.774,13.136,13.370,85372.000
2015-11-03,13.042,13.445,12.967,13.230,70932.000
2015-11-04,13.840,13.943,13.089,13.089,116836.000
2015-11-05,13.746,14.327,13.614,13.896,128937.000
2015-11-06,14.149,14.356,13.699,13.802,126621.000
2015-11-09,14.065,14.337,13.736,13.980,126830.000
2015-11-10,14.290,14.637,14.074,14.365,142414.000
2015-11-11,14.262,14.374,14.074,14.309,109471.000
2015-11-12,14.421,14.759,14.234,14.449,126926.000
2015-11-13,14.008,14.243,13.886,14.243,99438.000
2015-11-16,14.130,14.215,13.605,13.680,75165.000
2015-11-17,14.506,14.684,14.262,14.384,160896.000
2015-11-18,14.524,14.815,14.356,14.468,136183.000
2015-11-19,14.872,14.909,14.365,14.637,128254.000
2015-11-20,16.120,16.364,14.731,14.965,268264.000
2015-11-23,15.500,16.373,15.294,15.951,215660.000
2015-11-24,15.125,15.491,14.909,15.322,114840.000
2015-11-25,15.472,15.754,15.022,15.191,106898.000
2015-11-26,15.022,15.463,15.012,15.247,123504.000
2015-11-27,13.633,15.012,13.521,14.740,139008.000
2015-11-30,14.074,14.084,12.742,13.652,101387.000
2015-12-01,14.252,14.440,13.933,14.074,96325.000
2015-12-02,14.093,14.440,13.783,14.309,65906.000
2015-12-03,14.299,14.346,14.074,14.121,62402.000
2015-12-04,14.778,14.994,14.243,14.318,117883.000
2015-12-07,15.266,15.463,14.637,14.646,113947.000
2015-12-08,14.750,15.163,14.637,15.163,89503.000
2015-12-09,14.262,14.862,14.168,14.543,76672.000
2015-12-10,14.084,14.421,13.990,14.140,62333.000
2015-12-11,13.840,14.243,13.699,14.121,55651.000
2015-12-14,14.102,14.159,13.605,13.699,39678.000
2015-12-15,14.215,14.393,14.121,14.168,48606.000
2015-12-16,14.177,14.290,14.065,14.168,50108.000
2015-12-17,14.646,14.684,14.309,14.403,79555.000
2015-12-18,15.031,15.360,14.825,14.825,161224.000
2015-12-21,15.059,15.341,14.872,15.041,102874.000
2015-12-22,15.022,15.275,14.872,15.069,72830.000
2015-12-23,15.191,15.622,14.947,14.947,151636.000
2015-12-24,15.041,15.219,14.637,15.191,77548.000
2015-12-25,14.862,15.181,14.778,15.125,63473.000
2015-12-28,14.318,14.947,14.262,14.872,100724.000
2015-12-29,14.309,14.356,14.046,14.262,66609.000
2015-12-30,14.449,14.637,14.262,14.337,68346.000
2015-12-31,14.234,14.506,14.196,14.337,39231.000
2016-01-04,12.854,14.318,12.807,14.168,48627.000
2016-01-05,12.657,13.202,12.010,12.038,69773.000
2016-01-06,12.883,13.023,12.592,12.667,50006.000
2016-01-07,11.672,12.648,11.606,12.648,12845.000
2016-01-08,12.188,12.291,10.800,12.123,126883.000
2016-01-11,11.109,12.244,11.100,11.672,74078.000
2016-01-12,11.212,11.447,10.828,11.109,47849.000
2016-01-13,11.025,11.682,10.978,11.316,52548.000
2016-01-14,11.625,11.700,10.556,10.687,59102.000
2016-01-15,11.241,11.728,11.081,11.494,43420.000
2016-01-18,11.363,11.494,10.978,10.978,48512.000
2016-01-19,11.766,11.804,11.184,11.212,51552.000
2016-01-20,11.456,11.775,11.381,11.710,36307.000
2016-01-21,10.950,11.635,10.884,11.334,45930.000
2016-01-22,11.015,11.259,10.715,11.119,43164.000
2016-01-25,11.231,11.494,11.025,11.212,39799.000
2016-01-26,10.105,11.175,10.105,11.119,50504.000
2016-01-27,9.711,10.302,9.270,10.171,43701.000
2016-01-28,9.120,9.711,9.054,9.664,28517.000
2016-01-29,9.495,9.617,9.148,9.355,36861.000
2016-02-01,9.355,9.683,9.204,9.570,31800.000
2016-02-02,10.124,10.293,9.430,9.477,62258.000
2016-02-03,10.330,10.359,9.852,9.908,46502.000
2016-02-04,11.053,11.212,10.237,10.312,56730.000
2016-02-05,11.062,11.560,10.837,11.053,49471.000
2016-02-15,11.456,11.710,10.603,10.790,46229.000
2016-02-16,12.001,12.151,11.400,11.456,66571.000
2016-02-17,12.001,12.244,11.635,12.001,63161.000
2016-02-18,11.822,12.479,11.794,12.198,97255.000
2016-02-19,11.832,12.132,11.728,11.728,55931.000
2016-02-22,12.160,12.291,11.888,11.954,52571.000
2016-02-23,12.104,12.273,11.963,12.198,41134.000
2016-02-24,12.141,12.188,11.972,12.104,37216.000
2016-02-25,10.931,12.366,10.931,12.179,77530.000
2016-02-26,11.259,11.738,10.940,11.119,87048.000
2016-02-29,11.212,11.419,10.499,11.363,66179.000
2016-03-01,11.832,11.850,11.165,11.569,55435.000
2016-03-02,12.817,12.854,11.822,11.916,114624.000
2016-03-03,12.845,12.901,12.573,12.648,82209.000
2016-03-04,12.723,12.836,12.226,12.836,76042.000
2016-03-07,13.051,13.126,12.657,12.657,58662.000
2016-03-08,12.751,13.061,12.301,13.061,51174.000
2016-03-09,12.413,12.751,12.329,12.348,43203.000
2016-03-10,12.423,12.657,12.366,12.601,33080.000
2016-03-11,12.329,12.498,12.076,12.442,35863.000
2016-03-14,12.413,12.883,12.385,12.639,75826.000
2016-03-15,12.507,12.751,12.226,12.395,37141.000
2016-03-16,12.320,12.667,12.291,12.564,26633.000
2016-03-17,12.554,12.657,12.160,12.357,46117.000
2016-03-18,12.920,12.976,12.498,12.657,78352.000
2016-03-21,13.089,13.239,12.836,12.836,85443.000
2016-03-22,12.751,13.042,12.714,13.042,72694.000
2016-03-23,12.667,12.789,12.376,12.742,72371.000
2016-03-24,12.620,12.704,12.385,12.592,55217.000
2016-03-25,12.488,12.582,12.310,12.582,55190.000
2016-03-28,12.366,12.610,12.310,12.610,58992.000
2016-03-29,12.216,12.338,11.897,12.301,60376.000
2016-03-30,12.554,12.601,12.188,12.244,51057.000
2016-03-31,12.366,12.573,12.188,12.488,58922.000
2016-04-01,12.423,12.451,12.123,12.423,41083.000
2016-04-05,12.676,12.789,12.338,12.376,63625.000
2016-04-06,13.220,13.333,12.554,12.573,116851.000
2016-04-07,13.539,14.431,13.324,13.445,167951.000
2016-04-08,13.248,13.539,13.098,13.539,67192.000
2016-04-11,14.571,14.571,13.333,13.333,206996.000
2016-04-12,14.384,14.806,14.149,14.637,140473.000
2016-04-13,14.431,14.881,14.243,14.534,108083.000
2016-04-14,14.543,14.872,14.440,14.637,76399.000
2016-04-15,14.346,14.693,14.187,14.590,61919.000
2016-04-18,14.149,14.440,13.999,14.384,57885.000
2016-04-19,14.224,14.327,14.027,14.196,40713.000
2016-04-20,13.502,14.299,12.901,14.262,72952.000
2016-04-21,13.333,13.746,13.239,13.530,37664.000
2016-04-22,13.699,13.783,12.929,13.145,56680.000
2016-04-25,13.567,13.764,13.230,13.755,36720.000
2016-04-26,13.840,13.933,13.521,13.652,38984.000
2016-04-27,13.624,13.971,13.427,13.868,37320.000
2016-04-28,13.483,13.699,13.220,13.511,33307.000
2016-04-29,13.492,13.567,13.230,13.492,29438.000
2016-05-03,13.727,13.727,13.230,13.567,52504.000
2016-05-04,13.933,14.318,13.652,13.708,55992.000
2016-05-05,13.811,13.868,13.680,13.868,31921.000
2016-05-06,13.239,14.037,13.136,13.868,48612.000
2016-05-09,12.789,13.098,12.732,13.098,51315.000
2016-05-10,12.807,12.958,12.667,12.911,21286.000
2016-05-11,13.051,13.089,12.620,12.817,40164.000
2016-05-12,13.314,13.427,12.526,12.817,33687.000
2016-05-13,13.286,13.408,13.145,13.324,19342.000
2016-05-16,13.408,13.577,13.239,13.333,24904.000
2016-05-17,13.671,13.821,13.305,13.305,69228.000
2016-05-18,13.173,13.624,13.136,13.624,35055.000
2016-05-19,13.305,13.483,13.192,13.192,29260.000
2016-05-20,13.342,13.549,13.155,13.155,23113.000
2016-05-23,13.783,13.793,13.305,13.389,54455.000
2016-05-24,13.596,13.793,13.474,13.783,33211.000
2016-05-25,13.605,13.877,13.436,13.605,27175.000
2016-05-26,13.211,13.680,12.948,13.680,43477.000
2016-05-27,12.958,13.173,12.901,13.155,55508.000
2016-05-30,12.854,12.995,12.685,12.723,30452.000
2016-05-31,13.530,13.614,12.854,12.948,63594.000
2016-06-01,13.680,13.755,13.511,13.605,48310.000
2016-06-02,13.793,13.933,13.586,13.755,47996.000
2016-06-03,13.849,14.037,13.699,13.699,34442.000
2016-06-06,13.689,13.858,13.530,13.793,24425.000
2016-06-07,13.680,13.905,13.549,13.886,22092.000
2016-06-08,13.727,13.840,13.464,13.605,38892.000
2016-06-13,13.417,13.821,13.399,13.511,21832.000
2016-06-14,13.061,13.417,12.864,13.230,36985.000
2016-06-15,13.352,14.121,12.807,12.939,60666.000
2016-06-16,13.070,13.417,13.014,13.230,40327.000
2016-06-17,13.136,13.239,12.967,12.967,18013.000
2016-06-20,13.173,13.192,12.967,13.136,16093.000
2016-06-21,12.986,13.342,12.901,13.286,39611.000
2016-06-22,12.995,13.051,12.761,12.976,28674.000
2016-06-23,13.258,13.746,13.126,13.183,56515.000
2016-06-24,13.708,13.849,12.948,13.220,100881.000
2016-06-27,13.746,13.764,13.483,13.596,51464.000
2016-06-28,13.886,13.915,13.558,13.558,45915.000
2016-06-29,13.708,13.952,13.652,13.868,29861.000
2016-06-30,13.840,13.933,13.539,13.708,53188.000
2016-07-01,13.605,13.905,13.511,13.886,39107.000
2016-07-04,13.755,13.896,13.539,13.652,74177.000
2016-07-05,14.065,14.346,13.868,13.933,85309.000
2016-07-06,14.393,14.468,14.196,14.337,97015.000
2016-07-07,14.600,15.012,14.449,14.449,133543.000
2016-07-08,14.384,14.543,13.999,14.543,115282.000
2016-07-11,14.130,14.337,14.055,14.271,84769.000
2016-07-12,14.084,14.205,13.699,14.093,94399.000
2016-07-13,14.065,14.196,13.980,14.168,41145.000
2016-07-14,13.990,14.065,13.868,14.008,46640.000
2016-07-15,13.999,14.102,13.905,13.990,34493.000
2016-07-18,13.699,14.027,13.680,13.999,56527.000
2016-07-19,13.774,13.980,13.624,13.624,50082.000
2016-07-20,13.699,13.877,13.652,13.727,46728.000
2016-07-21,13.624,13.802,13.511,13.689,53610.000
2016-07-22,13.633,13.680,13.445,13.624,43955.000
2016-07-25,13.718,13.755,13.521,13.652,28212.000
2016-07-26,13.699,13.718,13.586,13.596,34937.000
2016-07-27,13.408,13.755,12.967,13.708,63631.000
2016-07-28,13.258,13.427,13.108,13.361,45301.000
2016-07-29,13.211,13.277,13.042,13.230,33807.000
2016-08-01,13.258,13.277,12.807,13.155,57809.000
2016-08-02,13.248,13.277,12.995,13.248,25052.000
2016-08-03,13.145,13.267,13.108,13.258,16066.000
2016-08-04,13.164,13.248,13.117,13.145,18486.000
2016-08-05,12.892,13.164,12.761,13.164,61834.000
2016-08-08,12.920,12.929,12.639,12.854,36387.000
2016-08-09,13.051,13.089,12.854,12.958,27998.000
2016-08-10,13.220,13.286,12.958,13.080,35404.000
2016-08-11,12.911,13.211,12.901,13.211,21035.000
2016-08-12,12.986,13.042,12.873,12.976,16294.000
2016-08-15,13.164,13.258,12.976,12.986,27631.000
2016-08-16,13.286,13.380,13.117,13.164,28170.000
2016-08-17,13.286,13.352,13.164,13.305,27877.000
2016-08-18,13.202,13.324,13.136,13.324,34331.000
2016-08-19,13.183,13.220,13.126,13.136,16776.000
2016-08-22,13.173,13.464,13.164,13.277,34580.000
2016-08-23,13.070,13.126,12.873,13.033,26575.000
2016-08-24,13.023,13.145,12.995,13.136,17808.000
2016-08-25,12.995,13.155,12.920,13.023,22684.000
2016-08-26,12.995,13.089,12.948,12.995,23210.000
2016-08-29,13.136,13.192,12.995,13.051,27036.000
2016-08-30,13.042,13.230,13.014,13.126,31758.000
2016-08-31,12.939,13.061,12.911,12.995,26949.000
2016-09-01,12.958,13.108,12.845,12.939,31190.000
2016-09-02,13.080,13.164,12.958,12.958,37289.000
2016-09-05,12.995,13.126,12.976,13.089,20731.000
2016-09-06,13.080,13.080,12.789,12.976,25125.000
2016-09-07,12.986,13.117,12.958,13.070,34059.000
2016-09-08,13.014,13.042,12.929,13.023,21492.000
2016-09-09,12.948,13.070,12.939,13.042,19825.000
2016-09-12,12.610,12.854,12.592,12.854,38041.000
2016-09-13,12.639,12.761,12.573,12.704,26264.000
2016-09-14,12.582,12.657,12.535,12.573,13567.000
2016-09-19,12.676,12.779,12.592,12.592,17100.000
2016-09-20,12.517,12.714,12.385,12.667,31024.000
2016-09-21,12.432,12.582,12.385,12.545,18613.000
2016-09-22,12.423,12.526,12.395,12.479,22093.000
2016-09-23,12.413,12.488,12.329,12.479,22427.000
2016-09-26,12.198,12.442,12.160,12.413,42088.000
2016-09-27,12.010,12.198,11.822,12.198,46478.000
2016-09-28,12.019,12.113,11.916,11.982,19296.000
2016-09-29,12.066,12.188,12.010,12.019,13413.000
2016-09-30,12.113,12.188,12.057,12.085,9250.000
2016-10-10,12.282,12.291,12.094,12.123,22400.000
2016-10-11,12.244,12.366,12.198,12.338,27646.000
2016-10-12,12.320,12.320,12.141,12.226,30422.000
2016-10-13,12.291,12.320,12.188,12.320,20421.000
2016-10-14,12.273,12.310,12.198,12.254,14628.000
2016-10-17,12.123,12.291,12.085,12.273,19367.000
2016-10-18,12.198,12.216,12.132,12.169,20496.000
2016-10-19,12.151,12.244,12.132,12.198,21317.000
2016-10-20,12.207,12.216,12.104,12.151,23633.000
2016-10-21,12.160,12.273,12.057,12.207,29861.000
2016-10-24,12.188,12.216,12.104,12.113,17547.000
2016-10-25,12.301,12.310,12.169,12.169,44453.000
2016-10-26,12.301,12.545,12.291,12.320,51958.000
2016-10-27,12.179,12.291,12.160,12.216,26239.000
2016-10-28,12.113,12.282,12.104,12.188,17332.000
2016-10-31,12.094,12.254,11.963,12.113,24172.000
2016-11-01,12.123,12.160,12.038,12.132,25642.000
2016-11-02,12.010,12.123,11.991,12.123,18898.000
2016-11-03,12.047,12.076,11.925,12.010,30534.000
2016-11-04,12.066,12.123,11.982,12.066,24534.000
2016-11-07,12.066,12.151,12.010,12.094,22461.000
2016-11-08,12.094,12.151,12.038,12.066,23961.000
2016-11-09,11.916,12.113,11.869,12.094,33596.000
2016-11-10,12.010,12.047,11.916,11.972,28650.000
2016-11-11,12.019,12.047,11.907,11.972,39246.000
2016-11-14,12.104,12.113,11.991,11.991,34379.000
2016-11-15,12.179,12.244,12.038,12.085,37932.000
2016-11-16,12.301,12.320,12.132,12.160,46111.000
2016-11-17,12.207,12.301,12.151,12.291,25332.000
2016-11-18,12.132,12.244,12.113,12.207,19753.000
2016-11-21,12.141,12.198,12.076,12.132,15696.000
2016-11-22,12.244,12.254,12.123,12.141,29929.000
2016-11-23,12.113,12.282,12.113,12.244,28139.000
2016-11-24,12.076,12.169,12.057,12.113,20782.000
2016-11-25,12.216,12.263,11.925,12.123,28428.000
2016-11-28,12.601,12.864,12.160,12.244,130140.000
2016-11-29,12.301,12.714,12.291,12.488,71806.000
2016-11-30,12.169,12.460,12.094,12.329,46260.000
2016-12-01,12.263,12.273,12.132,12.141,29635.000
2016-12-02,12.038,12.263,12.029,12.254,28848.000
2016-12-05,11.972,12.085,11.888,11.963,23945.000
2016-12-06,11.982,12.029,11.841,11.972,24392.000
2016-12-07,11.991,12.001,11.897,11.954,21038.000
2016-12-08,11.963,12.076,11.925,12.057,12105.000
2016-12-09,11.963,11.991,11.916,11.991,22305.000
2016-12-12,11.259,11.972,11.231,11.972,65667.000
2016-12-13,11.044,11.278,10.922,11.269,38299.000
2016-12-14,10.968,11.175,10.959,11.100,21500.000
2016-12-15,11.006,11.090,10.940,10.968,23610.000
2016-12-16,11.015,11.090,10.968,11.006,21376.000
2016-12-19,11.025,11.034,10.931,11.015,14956.000
2016-12-20,10.800,11.062,10.631,11.025,48475.000
2016-12-21,10.875,10.912,10.781,10.790,22796.000
2016-12-22,10.940,11.072,10.856,10.875,33255.000
2016-12-23,10.875,11.034,10.837,10.940,26065.000
2016-12-26,11.062,11.072,10.724,10.884,24742.000
2016-12-27,10.997,11.062,10.893,10.968,26430.000
2016-12-28,10.846,11.053,10.828,10.912,28047.000
2016-12-29,10.640,10.931,10.603,10.846,46666.000
2016-12-30,10.771,10.837,10.631,10.631,24480.000
2017-01-03,10.856,10.978,10.743,10.743,40123.000
2017-01-04,11.231,11.297,10.875,10.884,55782.000
2017-01-05,11.409,11.588,11.231,11.231,56303.000
2017-01-06,11.175,11.428,11.119,11.428,33723.000
2017-01-09,11.203,11.306,11.100,11.100,19034.000
2017-01-10,11.194,11.278,11.128,11.203,20626.000
2017-01-11,11.203,11.503,11.156,11.353,24632.000
2017-01-12,11.184,11.231,11.072,11.203,15128.000
2017-01-13,11.156,11.194,10.987,11.119,24267.000
2017-01-16,10.978,11.119,10.340,11.119,40221.000
2017-01-17,10.687,11.034,10.434,11.034,32082.000
2017-01-18,10.574,10.800,10.537,10.687,15074.000
2017-01-19,10.687,10.743,10.481,10.649,19120.000
2017-01-20,10.753,10.762,10.593,10.715,21790.000
2017-01-23,10.743,10.809,10.678,10.753,19957.000
2017-01-24,10.678,10.724,10.640,10.724,12236.000
2017-01-25,10.715,10.837,10.640,10.678,11873.000
2017-01-26,10.865,10.884,10.715,10.753,16915.000
2017-02-03,10.846,10.912,10.771,10.875,7988.000
2017-02-06,10.846,10.875,10.753,10.846,19702.000
2017-02-07,10.790,10.856,10.724,10.800,13534.000
2017-02-08,10.856,10.865,10.734,10.734,17233.000
2017-02-09,10.865,10.912,10.790,10.875,33439.000
2017-02-10,10.875,10.950,10.846,10.856,21148.000
2017-02-13,10.959,10.997,10.818,10.865,18899.000
2017-02-14,11.025,11.034,10.903,10.950,25493.000
2017-02-15,10.912,11.053,10.903,11.053,17141.000
2017-02-16,10.790,10.865,10.734,10.846,22003.000
2017-02-17,10.668,10.856,10.621,10.800,18461.000
2017-02-20,10.781,10.818,10.631,10.659,16058.000
2017-02-21,10.922,10.931,10.771,10.771,18640.000
2017-02-22,10.950,10.968,10.856,10.959,13265.000
2017-02-23,11.044,11.053,10.893,10.931,29055.000
2017-02-24,11.100,11.184,11.044,11.053,23379.000
2017-02-27,11.015,11.128,10.978,11.100,15230.000
2017-02-28,11.203,11.212,10.978,10.987,26135.000
2017-03-01,11.334,11.588,11.128,11.194,42564.000
2017-03-02,11.503,11.653,11.334,11.334,41732.000
2017-03-03,11.391,11.616,11.325,11.503,27629.000
2017-03-06,11.438,11.569,11.344,11.344,22986.000
2017-03-07,11.325,11.428,11.287,11.428,19349.000
2017-03-08,11.344,11.466,11.316,11.372,14327.000
2017-03-09,11.259,11.400,11.222,11.400,22032.000
2017-03-10,11.278,11.334,11.165,11.259,12569.000
2017-03-13,11.381,11.428,11.156,11.278,23233.000
2017-03-14,11.278,11.447,11.222,11.381,12704.000
2017-03-15,11.409,11.447,11.194,11.334,15881.000
2017-03-16,11.391,11.438,11.316,11.428,25745.000
2017-03-17,11.316,11.447,11.269,11.447,24141.000
2017-03-20,11.259,11.325,11.212,11.278,13143.000
2017-03-21,11.297,11.325,11.156,11.306,14408.000
2017-03-22,11.513,11.991,11.156,11.316,107264.000
2017-03-23,11.363,11.522,11.222,11.372,54057.000
2017-03-24,11.269,11.400,11.212,11.372,28183.000
2017-03-27,11.156,11.316,11.156,11.287,23059.000
2017-03-28,11.203,11.278,11.156,11.175,17896.000
2017-03-29,11.072,11.203,11.062,11.156,18622.000
2017-03-30,11.025,11.072,10.734,11.072,32972.000
2017-03-31,11.194,11.203,10.912,10.997,22443.000
2017-04-05,11.316,11.353,11.100,11.194,35802.000
2017-04-06,11.306,11.363,11.259,11.353,18173.000
2017-04-07,11.119,11.344,11.062,11.306,27918.000
2017-04-10,10.912,11.137,10.837,11.081,33912.000
2017-04-11,10.893,10.950,10.790,10.837,29005.000
2017-04-12,10.800,10.922,10.781,10.903,21276.000
2017-04-13,10.818,10.865,10.771,10.800,20136.000
2017-04-14,10.734,10.846,10.584,10.781,31978.000
2017-04-17,10.537,10.706,10.377,10.687,45532.000
2017-04-18,10.790,10.959,10.696,10.724,62214.000
2017-04-19,10.021,10.837,9.880,10.837,97026.000
2017-04-20,10.105,10.162,9.852,9.880,58642.000
2017-04-21,10.190,10.377,10.058,10.115,67007.000
2017-04-24,10.021,10.208,9.852,10.208,45998.000
2017-04-25,10.133,10.321,9.899,10.030,39471.000
2017-04-26,10.171,10.321,10.002,10.133,36378.000
2017-04-27,10.190,10.293,10.096,10.180,29782.000
2017-04-28,10.227,10.330,10.096,10.208,41070.000
2017-05-02,10.265,10.302,10.143,10.255,45127.000
2017-05-03,10.208,10.302,10.162,10.302,31728.000
2017-05-04,10.171,10.265,10.152,10.208,25385.000
2017-05-05,9.918,10.133,9.899,10.133,33152.000
2017-05-08,9.908,10.011,9.852,10.002,20610.000
2017-05-09,9.824,9.936,9.683,9.861,33110.000
2017-05-10,9.739,9.889,9.627,9.861,26584.000
2017-05-11,9.383,9.683,9.148,9.683,56778.000
2017-05-12,9.364,9.514,9.251,9.411,21133.000
2017-05-15,9.345,9.524,9.308,9.439,18592.000
2017-05-16,9.477,9.495,9.214,9.345,43125.000
2017-05-17,9.439,9.542,9.411,9.514,30913.000
2017-05-18,9.467,9.645,9.317,9.373,27603.000
2017-05-19,9.402,9.495,9.364,9.467,17302.000
2017-05-22,9.280,9.458,9.270,9.411,31698.000
2017-05-23,9.326,9.345,9.176,9.280,37590.000
2017-05-24,9.448,9.561,9.148,9.326,30695.000
2017-05-25,9.524,9.542,9.336,9.439,24164.000
2017-05-26,9.505,9.570,9.467,9.514,18539.000
2017-05-31,9.674,9.767,9.505,9.552,29099.000
2017-06-01,9.411,9.702,9.383,9.674,23366.000
2017-06-02,9.402,9.467,9.289,9.383,19184.000
2017-06-05,9.477,9.524,9.373,9.420,14797.000
2017-06-06,9.345,9.467,9.289,9.467,24489.000
2017-06-07,9.608,9.702,9.317,9.317,62818.000
2017-06-08,9.805,10.021,9.580,9.589,118378.000
2017-06-09,9.861,9.880,9.749,9.824,27315.000
2017-06-12,9.758,9.918,9.580,9.899,64473.000
2017-06-13,9.796,9.814,9.645,9.739,36499.000
2017-06-14,9.655,9.814,9.608,9.805,32211.000
2017-06-15,9.861,9.880,9.599,9.655,66720.000
2017-06-16,9.833,9.889,9.758,9.824,23693.000
2017-06-19,9.946,9.964,9.814,9.833,35555.000
2017-06-20,9.955,9.974,9.814,9.946,33278.000
2017-06-21,9.918,9.993,9.843,9.964,16656.000
2017-06-22,9.692,9.908,9.674,9.871,45347.000
2017-06-23,9.702,9.730,9.524,9.683,26918.000
2017-06-26,9.721,9.730,9.495,9.674,72917.000
2017-06-27,9.749,9.880,9.674,9.702,31726.000
2017-06-28,9.711,9.824,9.692,9.730,21965.000
2017-06-29,9.749,9.786,9.692,9.711,19226.000
2017-06-30,9.777,9.824,9.711,9.721,30241.000
2017-07-03,9.880,9.899,9.739,9.758,31081.000
2017-07-04,9.674,9.899,9.664,9.861,50431.000
2017-07-05,9.739,9.739,9.608,9.692,33669.000
2017-07-06,9.711,9.758,9.636,9.739,29377.000
2017-07-07,9.645,9.683,9.589,9.636,30092.000
2017-07-10,9.683,9.739,9.580,9.599,32604.000
2017-07-11,9.861,9.974,9.692,9.692,61308.000
2017-07-12,10.133,10.190,9.767,9.861,74928.000
2017-07-13,10.011,10.208,9.955,10.115,57853.000
2017-07-14,10.068,10.115,9.880,10.011,55466.000
2017-07-17,9.721,9.981,9.122,9.981,76656.000
2017-07-18,9.653,9.798,9.383,9.605,61022.000
2017-07-19,9.663,9.750,9.489,9.614,38454.000
2017-07-20,9.595,9.721,9.585,9.711,27434.000
2017-07-21,9.585,9.634,9.489,9.557,21454.000
2017-07-24,9.846,9.865,9.595,9.595,40013.000
2017-07-25,9.740,9.865,9.672,9.846,24420.000
2017-07-26,9.692,9.933,9.653,9.740,42988.000
2017-07-27,9.836,9.865,9.614,9.721,34624.000
2017-07-28,9.923,9.923,9.798,9.807,31321.000
2017-07-31,9.981,10.001,9.875,9.923,37980.000
2017-08-01,9.962,10.030,9.904,9.991,23453.000
2017-08-02,9.875,10.010,9.856,9.962,18522.000
2017-08-03,9.846,9.914,9.798,9.798,16752.000
2017-08-04,9.682,9.865,9.663,9.846,21060.000
2017-08-07,9.923,9.991,9.634,9.634,32392.000
2017-08-08,9.914,10.116,9.865,10.116,20066.000
2017-08-09,10.136,10.213,9.875,9.914,50982.000
2017-08-10,10.020,10.145,9.943,10.116,19813.000
2017-08-11,10.165,10.309,9.952,9.952,67170.000
2017-08-14,10.869,10.956,10.194,10.213,130604.000
2017-08-15,10.947,11.024,10.763,10.792,78168.000
2017-08-16,10.985,11.149,10.802,10.947,75787.000
2017-08-17,10.976,11.149,10.425,10.995,57123.000
2017-08-18,10.840,10.985,10.792,10.821,36057.000
2017-08-21,10.860,10.898,10.725,10.831,34551.000
2017-08-22,10.522,10.744,10.483,10.744,70480.000
2017-08-23,10.541,10.715,10.445,10.589,21523.000
2017-08-24,10.551,10.667,10.454,10.483,17987.000
2017-08-25,11.082,11.207,10.483,10.551,80951.000
2017-08-28,11.226,11.362,11.091,11.101,73476.000
2017-08-29,11.728,11.825,11.120,11.159,183750.000
2017-08-30,11.680,11.825,11.603,11.603,56771.000
2017-08-31,11.603,11.777,11.497,11.680,45604.000
2017-09-01,11.603,11.671,11.391,11.632,63311.000
2017-09-04,11.574,11.728,11.506,11.603,33960.000
2017-09-05,11.535,11.603,11.449,11.526,40394.000
2017-09-06,11.584,11.709,11.439,11.477,32202.000
2017-09-07,11.487,11.613,11.420,11.584,40729.000
2017-09-08,11.439,11.564,11.400,11.487,15130.000
2017-09-11,11.082,11.400,10.937,10.937,53467.000
2017-09-12,10.898,11.188,10.840,11.082,54473.000
2017-09-13,11.072,11.082,10.811,10.985,33657.000
2017-09-14,11.207,11.333,10.985,11.072,38026.000
2017-09-15,11.226,11.371,10.995,11.149,30150.000
2017-09-18,11.159,11.342,11.120,11.198,25108.000
2017-09-19,11.159,11.284,11.024,11.111,23217.000
2017-09-20,11.033,11.169,10.821,11.101,49159.000
2017-09-21,10.947,11.149,10.889,11.033,24508.000
2017-09-22,10.918,11.024,10.802,10.947,23958.000
2017-09-25,10.860,11.043,10.860,10.927,14212.000
2017-09-26,10.686,10.879,10.589,10.811,18332.000
2017-09-27,10.647,10.686,10.522,10.686,20659.000
2017-09-28,10.618,10.696,10.531,10.647,12554.000
2017-09-29,10.725,10.763,10.628,10.628,12074.000
2017-10-09,10.831,10.947,10.782,10.889,23716.000
2017-10-10,11.101,11.159,10.773,10.773,60576.000
2017-10-11,10.831,11.207,10.821,11.198,44314.000
2017-10-12,10.753,10.908,10.686,10.792,21724.000
2017-10-13,10.696,10.782,10.618,10.725,25662.000
2017-10-16,10.387,10.705,10.338,10.676,30698.000
2017-10-17,10.252,10.474,10.213,10.377,23331.000
2017-10-18,10.387,10.464,10.261,10.280,31695.000
2017-10-19,10.367,10.377,10.030,10.329,40694.000
2017-10-20,10.358,10.367,10.203,10.309,16790.000
2017-10-23,10.319,10.425,10.290,10.348,12114.000
2017-10-24,10.396,10.705,10.348,10.454,28757.000
2017-10-25,10.435,10.531,10.396,10.396,19097.000
2017-10-26,10.483,10.512,10.309,10.396,18557.000
2017-10-27,10.425,10.589,10.406,10.551,13629.000
2017-10-30,10.049,10.406,9.991,10.367,25408.000
2017-10-31,10.136,10.165,10.068,10.068,26899.000
2017-11-01,10.126,10.184,10.087,10.126,15137.000
2017-11-02,10.145,10.194,10.010,10.126,20463.000
2017-11-03,10.078,10.280,10.030,10.039,15116.000
2017-11-06,10.068,10.184,9.952,10.107,15341.000
2017-11-07,10.126,10.174,10.001,10.174,11800.000
2017-11-08,10.078,10.242,10.030,10.116,20628.000
2017-11-09,10.136,10.184,10.039,10.087,16674.000
2017-11-10,10.126,10.194,10.087,10.126,14163.000
2017-11-13,10.174,10.174,10.068,10.097,14207.000
2017-11-14,10.445,10.541,10.126,10.203,44223.000
2017-11-15,10.474,10.792,10.387,10.483,76364.000
2017-11-16,10.445,10.493,10.348,10.425,38392.000
2017-11-17,10.338,10.570,10.271,10.483,41394.000
2017-11-20,9.933,10.136,9.460,10.136,47658.000
2017-11-21,9.923,10.030,9.817,9.827,30832.000
2017-11-22,9.779,9.933,9.701,9.923,22098.000
2017-11-23,9.904,10.010,9.682,9.798,30884.000
2017-11-24,10.039,10.078,9.750,9.894,18130.000
2017-11-27,9.807,10.068,9.798,10.020,16008.000
2017-11-28,9.827,9.904,9.750,9.817,17740.000
2017-11-29,9.788,9.885,9.634,9.779,18807.000
2017-11-30,9.730,9.788,9.653,9.653,12568.000
2017-12-01,9.692,9.740,9.643,9.721,22065.000
2017-12-04,9.624,9.721,9.566,9.643,17269.000
2017-12-05,9.634,9.643,9.499,9.634,18981.000
2017-12-06,9.624,9.634,9.489,9.614,14708.000
2017-12-07,9.576,9.624,9.557,9.624,13252.000
2017-12-08,9.634,9.672,9.518,9.576,15598.000
2017-12-11,9.672,9.721,9.528,9.585,22118.000
2017-12-12,9.585,9.643,9.566,9.643,12063.000
2017-12-13,9.585,9.672,9.566,9.605,8279.000
2017-12-14,9.412,9.595,9.392,9.585,21603.000
2017-12-15,9.441,9.479,9.363,9.363,23090.000
2017-12-18,9.460,9.489,9.315,9.441,9866.000
2017-12-19,9.537,9.557,9.450,9.450,9226.000
2017-12-20,9.518,9.605,9.499,9.499,17839.000
2017-12-21,9.431,9.537,9.363,9.508,14784.000
2017-12-22,9.354,9.450,9.277,9.431,16322.000
2017-12-25,9.170,9.383,9.132,9.383,18096.000
2017-12-26,9.354,9.392,9.151,9.170,29762.000
2017-12-27,9.383,9.383,9.219,9.363,19084.000
2017-12-28,9.363,9.392,9.296,9.325,16514.000
2017-12-29,9.363,9.392,9.286,9.363,19464.000
2018-01-02,9.450,9.479,9.354,9.392,16979.000
2018-01-03,9.470,9.537,9.421,9.460,22813.000
2018-01-04,9.489,9.576,9.470,9.489,15935.000
2018-01-05,9.412,9.518,9.363,9.460,19896.000
2018-01-08,9.421,9.479,9.286,9.450,20110.000
2018-01-09,9.363,9.450,9.363,9.441,13638.000
2018-01-10,9.344,9.470,9.315,9.383,20600.000
2018-01-11,9.267,9.392,9.180,9.354,23330.000
2018-01-12,9.238,9.286,9.170,9.286,19634.000
2018-01-15,9.296,9.315,9.055,9.238,28440.000
2018-01-16,9.199,9.277,9.170,9.257,17301.000
2018-01-17,9.141,9.199,9.074,9.199,14492.000
2018-01-18,9.112,9.170,9.093,9.151,15181.000
2018-01-19,9.055,9.132,9.026,9.093,21569.000
2018-01-22,9.084,9.103,9.006,9.016,20789.000
2018-01-23,9.093,9.112,9.055,9.055,15508.000
2018-01-24,9.122,9.132,9.055,9.103,19685.000
2018-01-25,9.180,9.219,9.103,9.151,24461.000
2018-01-26,9.238,9.344,9.141,9.180,25701.000
2018-01-29,9.093,9.325,9.035,9.315,20388.000
2018-01-30,9.170,9.209,9.064,9.074,14042.000
2018-01-31,9.045,9.238,9.026,9.190,16804.000
2018-02-01,9.074,9.112,8.302,9.055,90293.000
2018-02-02,9.093,9.141,8.639,8.639,39769.000
2018-02-05,9.112,9.170,8.871,9.055,17522.000
2018-02-06,9.267,9.306,8.842,8.948,42882.000
2018-02-07,9.315,9.402,9.180,9.325,36101.000
2018-02-08,9.373,9.383,9.209,9.315,25459.000
2018-02-09,8.862,9.325,8.707,9.170,33195.000
2018-02-12,8.919,9.026,8.784,8.784,12716.000
2018-02-13,8.881,9.006,8.871,8.871,11399.000
2018-02-14,8.997,9.006,8.842,8.862,10876.000
2018-02-22,9.035,9.055,8.929,8.997,15645.000
2018-02-23,9.190,9.209,8.977,9.045,12881.000
2018-02-26,9.238,9.325,9.151,9.199,19042.000
2018-02-27,9.199,9.315,9.170,9.219,24599.000
2018-02-28,8.977,9.199,8.968,9.151,23167.000
2018-03-01,9.161,9.170,8.881,8.910,19892.000
2018-03-02,9.045,9.190,9.026,9.151,13858.000
2018-03-05,9.103,9.122,8.997,9.006,8488.000
2018-03-06,9.373,9.450,9.103,9.103,35355.000
2018-03-07,9.335,9.412,9.267,9.383,31540.000
2018-03-08,9.412,9.412,9.248,9.248,27792.000
2018-03-09,9.402,9.479,9.344,9.460,37102.000
2018-03-12,9.373,9.470,9.344,9.431,44053.000
2018-03-13,9.257,9.383,9.219,9.373,31587.000
2018-03-14,9.035,9.257,9.016,9.219,31935.000
2018-03-15,8.987,9.093,8.919,9.016,22123.000
2018-03-16,9.006,9.084,8.939,8.939,14947.000
2018-03-19,8.987,9.055,8.948,8.997,16093.000
2018-03-20,9.016,9.045,8.862,8.948,17881.000
2018-03-21,8.977,9.074,8.958,9.026,14165.000
2018-03-22,8.929,9.026,8.910,8.958,11700.000
2018-03-23,8.495,8.833,8.321,8.833,37093.000
2018-03-26,8.591,8.611,8.311,8.466,16346.000
2018-03-27,8.630,8.736,8.582,8.659,14434.000
2018-03-28,8.668,8.678,8.379,8.591,27065.000
2018-03-29,8.591,8.678,8.446,8.668,28877.000
2018-03-30,8.582,8.649,8.553,8.553,18264.000
2018-04-02,8.736,8.968,8.553,8.601,28801.000
2018-04-03,8.842,8.842,8.504,8.678,22610.000
2018-04-04,8.842,8.881,8.717,8.823,17959.000
2018-04-09,8.852,8.862,8.688,8.736,16385.000
2018-04-10,8.794,8.862,8.746,8.862,10533.000
2018-04-11,8.717,8.852,8.717,8.784,18057.000
2018-04-12,8.668,8.804,8.582,8.697,21637.000
2018-04-13,8.582,8.736,8.553,8.678,12349.000
2018-04-16,8.524,8.572,8.398,8.504,14056.000
2018-04-17,8.495,8.562,8.379,8.524,30908.000
2018-04-18,8.417,8.514,8.331,8.495,12393.000
2018-04-19,8.504,8.514,8.408,8.417,17149.000
2018-04-20,8.495,8.514,8.292,8.437,29803.000
2018-04-23,8.485,8.504,8.360,8.408,20875.000
2018-04-24,8.524,8.572,8.466,8.466,21912.000
2018-04-25,8.466,8.533,8.408,8.504,17382.000
2018-04-26,8.456,8.485,8.360,8.485,17568.000
2018-04-27,8.456,8.466,8.360,8.427,15937.000
2018-05-02,8.456,8.524,8.417,8.466,11701.000
2018-05-03,8.553,8.630,8.437,8.524,25501.000
2018-05-04,8.553,8.639,8.524,8.553,17250.000
2018-05-07,8.611,8.639,8.504,8.553,16989.000
2018-05-08,8.601,8.620,8.572,8.611,11534.000
2018-05-09,8.746,8.862,8.601,8.639,29276.000
2018-05-10,8.726,8.775,8.668,8.746,16832.000
2018-05-11,8.601,8.765,8.591,8.697,13280.000
2018-05-14,8.948,8.948,8.601,8.630,42257.000
2018-05-15,8.958,9.141,8.813,8.881,46168.000
2018-05-16,8.784,8.977,8.765,8.939,31732.000
2018-05-17,8.804,8.813,8.726,8.765,11687.000
2018-05-18,8.968,8.987,8.726,8.833,21276.000
2018-05-21,8.948,9.112,8.929,8.997,22601.000
2018-05-22,8.958,9.016,8.881,9.016,15883.000
2018-05-23,8.910,8.968,8.900,8.910,17044.000
2018-05-24,8.823,8.910,8.804,8.862,10463.000
2018-05-25,8.775,8.833,8.746,8.746,9347.000
2018-05-28,8.726,8.784,8.697,8.707,15186.000
2018-05-29,8.591,8.755,8.572,8.726,13797.000
2018-05-30,8.398,8.553,8.369,8.553,14955.000
2018-05-31,8.456,8.504,8.389,8.475,17981.000
2018-06-01,8.282,8.504,8.244,8.475,26072.000
2018-06-04,8.311,8.379,8.234,8.350,9114.000
2018-06-05,8.331,8.389,8.273,8.350,9946.000
2018-06-06,8.350,8.369,8.302,8.302,7991.000
2018-06-07,8.138,8.389,8.099,8.369,41009.000
2018-06-08,8.138,8.176,8.060,8.176,16198.000
2018-06-11,8.205,8.205,8.012,8.118,20904.000
2018-06-12,8.205,8.205,8.012,8.166,23559.000
2018-06-13,8.253,8.263,8.118,8.176,14242.000
2018-06-14,8.340,8.350,8.176,8.253,22686.000
2018-06-15,8.340,8.400,8.200,8.380,23156.000
2018-06-19,8.180,8.300,7.630,8.300,31348.290
2018-06-20,8.180,8.190,7.920,8.100,20854.320
2018-06-21,8.030,8.180,7.900,8.180,20151.000
2018-06-22,7.910,8.010,7.770,7.960,27331.000
2018-06-25,7.700,7.880,7.690,7.880,14256.830
2018-06-26,7.660,7.780,7.510,7.620,12213.850
2018-06-27,7.460,7.640,7.450,7.610,13932.290
2018-06-28,7.180,7.490,7.130,7.460,20826.000
2018-06-29,7.280,7.300,7.110,7.180,16050.250
2018-07-02,7.060,7.300,7.030,7.260,22289.750
2018-07-03,7.180,7.200,7.020,7.150,16884.700
2018-07-04,7.100,7.220,7.090,7.180,16349.520
2018-07-05,7.010,7.150,6.990,7.100,10625.300
2018-07-06,6.930,7.090,6.840,7.000,14972.770
2018-07-09,7.130,7.140,6.930,6.930,14103.000
2018-07-10,7.100,7.140,6.990,7.130,15699.000
2018-07-11,6.920,7.050,6.900,7.050,10190.620
2018-07-12,7.050,7.080,6.880,6.950,10691.020
2018-07-13,7.150,7.160,7.030,7.060,10363.740
2018-07-16,7.040,7.150,7.030,7.090,9782.040
2018-07-17,7.460,7.500,6.970,7.000,31790.600
2018-07-18,7.620,7.870,7.520,7.530,63258.000
2018-07-19,7.420,7.640,7.410,7.570,21772.000
2018-07-20,7.460,7.510,7.360,7.420,13261.470
2018-07-23,7.290,7.450,7.230,7.370,29609.380
2018-07-24,7.390,7.400,7.220,7.220,21041.200
2018-07-25,7.440,7.460,7.350,7.400,12934.990
2018-07-26,7.450,7.490,7.350,7.350,12090.530
2018-07-27,7.460,7.490,7.400,7.400,10507.600
2018-07-30,7.300,7.430,7.290,7.410,16827.270
2018-07-31,7.280,7.380,7.250,7.300,14008.850
2018-08-01,7.270,7.370,7.250,7.320,17232.360
2018-08-02,7.020,7.230,6.940,7.230,20775.300
2018-08-03,6.970,7.080,6.960,7.050,12964.300
2018-08-06,6.930,7.030,6.860,6.970,8777.780
2018-08-07,7.010,7.030,6.730,6.930,15545.090
2018-08-08,6.990,7.050,6.920,6.950,12431.880
2018-08-09,7.110,7.150,6.930,6.950,21936.330
2018-08-10,7.070,7.120,7.030,7.100,14047.640
2018-08-13,7.000,7.040,6.900,7.030,8952.280
2018-08-14,7.020,7.030,6.960,7.000,7851.960
2018-08-15,7.000,7.080,6.880,6.990,13027.110
2018-08-16,6.960,6.990,6.820,6.890,8648.500
2018-08-17,6.970,7.000,6.830,6.920,14865.000
2018-08-20,6.850,6.960,6.820,6.890,13570.270
2018-08-21,6.970,6.970,6.810,6.850,12012.960
2018-08-22,6.850,6.930,6.790,6.900,11620.220
2018-08-23,6.830,6.880,6.790,6.840,7045.900
2018-08-24,6.880,6.880,6.780,6.820,8611.960
2018-08-27,7.000,7.010,6.820,6.820,18326.400
2018-08-28,7.000,7.030,6.920,6.970,22138.000
2018-08-29,6.980,7.010,6.950,7.000,12598.000
2018-08-30,6.930,7.010,6.920,7.000,14446.810
2018-08-31,6.790,6.930,6.730,6.920,10926.030
2018-09-03,6.770,6.890,6.640,6.790,19623.000
2018-09-04,6.860,6.860,6.600,6.750,28026.000
2018-09-05,6.860,6.860,6.610,6.730,26283.000
2018-09-06,6.830,6.830,6.670,6.730,24539.000
2018-09-07,6.800,6.820,6.710,6.750,13837.000
2018-09-10,6.730,6.790,6.710,6.790,4651.000
2018-09-11,6.800,6.800,6.600,6.730,21756.010
2018-09-12,6.760,6.790,6.720,6.720,4161.850
2018-09-13,7.010,7.290,6.760,6.790,56692.060
2018-09-14,7.060,7.170,6.960,7.050,36805.190
2018-09-17,7.160,7.190,6.960,7.000,31068.530
2018-09-18,7.260,7.350,7.080,7.090,27228.000
2018-09-19,7.200,7.290,7.180,7.260,18263.890
2018-09-20,7.170,7.240,7.140,7.240,20124.000
2018-09-21,7.170,7.250,7.080,7.150,22990.070
2018-09-25,7.180,7.210,7.110,7.130,14631.000
2018-09-26,7.170,7.220,7.150,7.150,12635.000
2018-09-27,7.030,7.330,7.010,7.200,23084.190
2018-09-28,7.030,7.080,6.960,7.040,13592.500
2018-10-08,6.880,7.010,6.830,7.010,17243.570
2018-10-09,6.890,6.960,6.780,6.910,11664.000
2018-10-10,6.820,6.890,6.790,6.840,7317.000
2018-10-11,6.590,6.770,6.410,6.690,30360.000
2018-10-12,6.650,6.870,6.230,6.460,27039.000
2018-10-15,6.450,6.670,6.410,6.670,8055.360
2018-10-16,6.450,6.500,6.320,6.330,12333.000
2018-10-17,6.460,6.510,6.380,6.460,4929.000
2018-10-18,6.280,6.440,6.110,6.440,11785.690
2018-10-19,5.910,6.200,5.690,6.200,93948.000
2018-10-22,6.130,6.150,5.850,5.860,116138.000
2018-10-23,5.840,6.090,5.810,6.030,50230.000
2018-10-24,5.870,5.880,5.720,5.810,29805.370
2018-10-25,5.500,5.700,5.400,5.700,71116.110
2018-10-26,5.460,5.600,5.400,5.530,56382.730
2018-10-29,5.520,5.560,5.430,5.430,35171.840
2018-10-30,5.610,5.630,5.460,5.540,28252.000
2018-10-31,5.630,5.700,5.600,5.610,32231.000
2018-11-01,5.510,5.720,5.510,5.650,96645.000
2018-11-02,5.760,5.940,5.580,5.590,176566.000
2018-11-05,5.730,5.900,5.680,5.790,145501.000
2018-11-06,5.850,5.850,5.700,5.740,96896.000
2018-11-07,5.780,5.860,5.730,5.860,77968.000
2018-11-08,5.700,5.830,5.690,5.810,68225.000
2018-11-09,5.650,5.700,5.620,5.660,39176.000
2018-11-12,5.830,5.840,5.620,5.650,60471.930
2018-11-13,6.130,6.350,5.750,5.780,152449.950
2018-11-14,6.190,6.450,6.070,6.120,153098.000
2018-11-15,6.210,6.230,6.110,6.170,72059.000
2018-11-16,6.330,6.440,6.140,6.190,114727.000
2018-11-19,6.350,6.380,6.260,6.310,44833.000
2018-11-20,6.130,6.320,6.110,6.300,60779.760
2018-11-21,6.210,6.250,6.070,6.070,44566.940
2018-11-22,6.270,6.310,6.200,6.210,55568.560
2018-11-23,6.090,6.290,6.070,6.280,51865.000
2018-11-26,6.080,6.140,5.990,6.090,23725.000
2018-11-27,5.950,6.120,5.880,6.080,49451.390
2018-11-28,6.030,6.050,5.680,5.950,49252.250
2018-11-29,5.950,6.120,5.930,6.080,33935.280
2018-11-30,5.980,6.080,5.830,5.980,34550.260
2018-12-03,6.190,6.210,6.080,6.100,52777.850
2018-12-04,6.300,6.330,6.160,6.200,53276.080
2018-12-05,6.200,6.250,6.110,6.230,37745.750
2018-12-06,6.220,6.260,6.130,6.240,30707.960
2018-12-07,6.160,6.220,6.140,6.160,18067.000
2018-12-10,6.180,6.220,6.090,6.130,22047.000
2018-12-11,6.180,6.210,6.140,6.180,20027.000
2018-12-12,6.150,6.220,6.130,6.180,21253.250
2018-12-13,6.140,6.220,6.120,6.190,39557.260
2018-12-14,6.010,6.200,6.000,6.140,48053.600
2018-12-17,6.000,6.060,5.900,5.970,29992.000
2018-12-18,5.980,6.050,5.800,5.980,38747.000
2018-12-19,6.020,6.050,5.950,5.970,26375.000
2018-12-20,5.920,6.010,5.880,5.920,31541.000
2018-12-21,5.930,5.970,5.790,5.930,26698.000
2018-12-24,5.810,5.990,5.790,5.920,34438.000
2018-12-25,5.770,5.800,5.600,5.800,32583.000
2018-12-26,5.700,5.740,5.620,5.630,24473.000
2018-12-27,5.670,5.840,5.650,5.750,41074.000
2018-12-28,5.630,5.710,5.600,5.660,28953.000
2019-01-02,5.660,5.670,5.580,5.670,26923.480
2019-01-03,5.600,5.690,5.560,5.560,22518.130
2019-01-04,5.760,5.770,5.580,5.630,25372.620
2019-01-07,5.830,5.980,5.760,5.840,54448.170
2019-01-08,5.910,5.940,5.790,5.860,42694.980
2019-01-09,5.880,5.990,5.880,5.990,33190.040
2019-01-10,5.870,5.940,5.850,5.910,24619.840
2019-01-11,5.970,5.970,5.850,5.850,28618.260
2019-01-14,5.980,6.070,5.930,5.930,29741.380
2019-01-15,6.060,6.110,6.010,6.020,30501.340
2019-01-16,5.980,6.090,5.960,6.070,30871.260
2019-01-17,6.030,6.080,5.940,5.940,35849.480
2019-01-18,5.920,6.040,5.880,5.970,42709.000
2019-01-21,5.950,6.020,5.910,5.950,41285.000
2019-01-22,5.850,5.980,5.830,5.960,25774.000
2019-01-23,5.930,5.940,5.830,5.850,25318.980
2019-01-24,5.880,5.950,5.870,5.900,29455.830
2019-01-25,5.810,5.920,5.790,5.910,26825.130
2019-01-28,5.700,5.840,5.700,5.800,33415.000
2019-01-29,5.650,5.740,5.580,5.740,32385.000
2019-01-30,5.510,5.670,5.500,5.600,36427.000
2019-01-31,5.550,5.650,5.480,5.530,50795.000
2019-02-01,5.640,5.640,5.520,5.560,28824.000
2019-02-11,5.740,5.770,5.640,5.640,38269.000
2019-02-12,5.860,5.920,5.750,5.750,44179.000
2019-02-13,5.970,5.990,5.820,5.860,67665.260
2019-02-14,5.920,5.980,5.890,5.960,48050.500
2019-02-15,5.900,6.010,5.880,5.930,49395.010
2019-02-18,6.100,6.140,5.940,5.940,59394.000
2019-02-19,6.160,6.230,6.090,6.110,60515.000
2019-02-20,6.160,6.180,6.090,6.140,37065.000
2019-02-21,6.140,6.270,6.100,6.160,55826.000
2019-02-22,6.230,6.240,6.120,6.130,41540.000
2019-02-25,6.630,6.650,6.270,6.270,88417.000
2019-02-26,6.540,6.740,6.510,6.700,73752.210
2019-02-27,6.550,6.640,6.490,6.520,57953.000
2019-02-28,6.600,6.720,6.530,6.600,57527.000
2019-03-01,6.690,6.700,6.560,6.700,44692.750
2019-03-04,6.730,6.870,6.690,6.740,71034.590
2019-03-05,6.750,6.780,6.670,6.730,62028.990
2019-03-06,6.980,7.010,6.790,6.810,88925.680
2019-03-07,6.980,7.030,6.850,6.980,75624.240
2019-03-08,6.630,7.000,6.600,7.000,74941.890
2019-03-11,7.290,7.290,6.780,6.780,228093.650
2019-03-12,7.720,7.780,7.320,7.420,346843.640
2019-03-13,7.200,7.530,7.180,7.500,193268.590
2019-03-14,6.960,7.350,6.840,7.180,97870.720
2019-03-15,7.030,7.060,6.880,7.000,74884.320
2019-03-18,7.110,7.140,6.850,7.050,73008.000
2019-03-19,7.020,7.150,7.000,7.150,65609.000
2019-03-20,6.980,7.030,6.870,6.960,60633.000
2019-03-21,7.230,7.280,6.910,6.910,126904.880
2019-03-22,7.200,7.400,7.090,7.170,146266.050
2019-03-25,7.230,7.250,7.030,7.100,99516.490
2019-03-26,7.120,7.240,7.020,7.230,103168.530
2019-03-27,7.130,7.150,7.060,7.100,75983.250
2019-03-28,7.000,7.230,6.970,7.090,88715.000
2019-03-29,7.140,7.150,6.850,7.010,88865.000
2019-04-01,7.290,7.340,7.140,7.150,141860.030
2019-04-02,7.210,7.330,7.180,7.310,102279.250
2019-04-03,7.260,7.270,7.140,7.160,78547.540
2019-04-04,7.290,7.430,7.230,7.300,94288.000
2019-04-08,7.270,7.370,7.180,7.330,81779.000
2019-04-09,7.220,7.450,7.160,7.230,140422.000
2019-04-10,7.300,7.390,7.200,7.250,92433.000
2019-04-11,7.140,7.330,7.110,7.300,76829.000
2019-04-12,7.050,7.190,7.010,7.150,70416.680
2019-04-15,7.030,7.210,7.030,7.120,58983.130
2019-04-16,7.100,7.110,6.860,7.050,59624.000
2019-04-17,7.160,7.190,7.070,7.110,54956.000
2019-04-18,7.100,7.160,7.080,7.100,27186.000
2019-04-19,7.150,7.170,7.070,7.110,44305.000
2019-04-22,7.210,7.230,7.130,7.170,57108.000
2019-04-23,6.920,7.180,6.890,7.180,87228.000
2019-04-24,7.030,7.030,6.920,6.970,52094.290
2019-04-25,6.840,7.070,6.810,7.030,48140.000
2019-04-26,6.720,6.900,6.700,6.880,50947.000
2019-04-29,6.770,6.870,6.660,6.730,56089.000
2019-04-30,6.870,6.910,6.770,6.770,45891.000
2019-05-06,6.530,6.780,6.420,6.780,88227.000
2019-05-07,6.390,6.590,6.250,6.520,102358.000
2019-05-08,6.390,6.460,6.250,6.260,43545.000
2019-05-09,6.390,6.420,6.260,6.320,26090.000
2019-05-10,6.510,6.520,6.270,6.400,49320.000
2019-05-13,6.400,6.490,6.390,6.450,39912.000
2019-05-14,6.410,6.530,6.330,6.380,44575.000
2019-05-15,6.510,6.520,6.410,6.450,41794.000
2019-05-16,6.560,6.560,6.450,6.500,39928.460
2019-05-17,6.390,6.560,6.380,6.560,44336.940
2019-05-20,6.220,6.430,6.170,6.380,56995.000
2019-05-21,6.350,6.390,6.200,6.200,54308.910
2019-05-22,6.400,6.480,6.300,6.350,32138.110
2019-05-23,6.270,6.390,6.240,6.390,25971.750
2019-05-24,6.260,6.420,6.230,6.250,21756.860
2019-05-27,6.430,6.450,6.270,6.270,40871.000
2019-05-28,6.490,6.550,6.410,6.490,37020.640
2019-05-29,6.470,6.540,6.430,6.500,20465.000
2019-05-30,6.460,6.500,6.380,6.450,36716.000
2019-05-31,6.400,6.500,6.350,6.440,27638.000
2019-06-03,5.800,6.330,5.780,6.330,148548.000
2019-06-04,5.860,5.990,5.850,5.880,70219.000
2019-06-05,5.930,5.980,5.890,5.940,32299.000
2019-06-06,5.880,5.970,5.850,5.950,29042.450
2019-06-10,5.910,5.950,5.830,5.880,32717.190
2019-06-11,6.070,6.070,5.860,5.880,68988.000
2019-06-12,5.950,6.100,5.920,6.100,71282.000
2019-06-13,6.000,6.010,5.890,5.950,46927.710
2019-06-14,5.950,6.020,5.940,6.000,37147.840
2019-06-17,5.960,6.010,5.900,5.920,71806.000
2019-06-18,5.510,5.630,5.430,5.620,52308.000
2019-06-19,5.670,5.730,5.600,5.600,61291.520
2019-06-20,5.750,5.770,5.640,5.670,42668.260
2019-06-21,5.890,5.920,5.750,5.750,54518.000
2019-06-24,5.900,5.980,5.850,5.880,37810.000
2019-06-25,5.840,5.910,5.770,5.900,36647.000
2019-06-26,5.860,5.900,5.780,5.780,28805.000
2019-06-27,5.850,5.930,5.810,5.880,37683.000
2019-06-28,5.800,5.870,5.780,5.840,30132.000
2019-07-01,6.020,6.050,5.860,5.860,66254.000
2019-07-02,6.040,6.080,6.000,6.020,40269.000
2019-07-03,6.040,6.080,5.960,6.010,31485.000
2019-07-04,5.990,6.080,5.920,6.040,33897.000
2019-07-05,5.960,6.000,5.930,6.000,23960.000
2019-07-08,5.830,6.010,5.790,5.980,38342.350
2019-07-09,5.850,5.910,5.780,5.850,30357.520
2019-07-10,5.770,5.870,5.740,5.870,31087.000
2019-07-11,5.790,5.850,5.760,5.820,25435.000
2019-07-12,6.000,6.070,5.790,5.790,60605.750
2019-07-15,5.970,6.000,5.790,5.970,53489.000
2019-07-16,6.120,6.290,6.010,6.010,88387.000
2019-07-17,6.050,6.120,5.990,6.060,65019.000
2019-07-18,5.890,6.010,5.880,6.010,39429.000
2019-07-19,5.890,5.970,5.890,5.910,31294.000
2019-07-22,5.750,5.910,5.720,5.890,44751.000
2019-07-23,5.770,5.790,5.730,5.760,25814.000
2019-07-24,5.850,5.890,5.790,5.800,31330.000
2019-07-25,5.900,5.910,5.820,5.840,33492.000
2019-07-26,5.890,5.900,5.840,5.890,24442.000
2019-07-29,5.850,5.910,5.820,5.860,21817.000
2019-07-30,5.950,5.970,5.860,5.860,30627.000
2019-07-31,5.890,5.960,5.850,5.920,23564.000
2019-08-01,5.840,5.890,5.830,5.890,25055.000
2019-08-02,5.750,5.800,5.680,5.780,35098.000
2019-08-05,5.680,5.790,5.670,5.730,27190.270
2019-08-06,5.500,5.620,5.340,5.560,42270.000
2019-08-07,5.500,5.620,5.480,5.500,28711.260
2019-08-08,5.520,5.600,5.510,5.510,21737.080
2019-08-09,5.460,5.580,5.430,5.560,18155.760
2019-08-12,5.560,5.570,5.450,5.480,17169.000
2019-08-13,5.490,5.560,5.450,5.510,17519.500
2019-08-14,5.510,5.600,5.500,5.570,18000.000
2019-08-15,5.530,5.560,5.380,5.400,27042.760
2019-08-16,5.560,5.630,5.520,5.530,26513.000
2019-08-19,5.730,5.750,5.590,5.620,38264.000
2019-08-20,5.810,5.850,5.730,5.730,36039.000
2019-08-21,5.820,5.900,5.770,5.790,33395.000
2019-08-22,5.840,5.900,5.790,5.900,29025.000
2019-08-23,5.860,5.890,5.800,5.850,31537.000
2019-08-26,6.000,6.000,5.670,5.690,59618.000
2019-08-27,6.150,6.340,6.110,6.220,132389.000
2019-08-28,6.510,6.550,6.110,6.110,163332.000
2019-08-29,6.440,6.560,6.380,6.500,108729.000
2019-08-30,6.340,6.580,6.290,6.440,88337.000
2019-09-02,6.400,6.450,6.310,6.310,74301.000
2019-09-03,6.440,6.510,6.360,6.430,73728.000
2019-09-04,6.490,6.580,6.410,6.450,71050.000
2019-09-05,6.460,6.630,6.430,6.560,89156.000
2019-09-06,6.490,6.520,6.400,6.510,48760.000
2019-09-09,6.630,6.640,6.480,6.550,70422.000
2019-09-10,6.700,6.800,6.580,6.620,94085.000
2019-09-11,6.630,6.780,6.590,6.700,65454.000
2019-09-12,6.640,6.730,6.590,6.630,50729.000
2019-09-16,6.690,6.820,6.650,6.680,58815.000
2019-09-17,6.480,6.690,6.440,6.690,64375.000
2019-09-18,6.480,6.590,6.460,6.530,45112.000
2019-09-19,6.520,6.550,6.470,6.520,34231.000
2019-09-20,6.630,6.630,6.510,6.560,50439.000
2019-09-23,6.760,6.780,6.510,6.630,97082.000
2019-09-24,6.750,6.820,6.680,6.730,72279.000
2019-09-25,6.660,6.860,6.640,6.730,73305.000
2019-09-26,6.490,6.710,6.400,6.680,64679.000
2019-09-27,6.840,6.960,6.500,6.520,131979.000
2019-09-30,7.090,7.230,6.850,6.890,202731.000
2019-10-08,7.130,7.260,7.000,7.070,135308.000
2019-10-09,6.990,7.110,6.920,7.110,106207.000
2019-10-10,7.070,7.070,6.880,6.990,96170.000
2019-10-11,6.980,7.050,6.910,7.040,76284.000
2019-10-14,7.170,7.210,7.020,7.020,123586.000
2019-10-15,7.200,7.310,7.060,7.160,118183.000
2019-10-16,7.370,7.460,7.170,7.220,154745.000
2019-10-17,7.170,7.520,7.110,7.340,162989.000
2019-10-18,7.030,7.220,6.980,7.180,127951.000
2019-10-21,6.960,7.050,6.770,7.030,88222.000
2019-10-22,6.940,7.020,6.850,6.920,63054.030
2019-10-23,6.940,7.070,6.920,6.960,70540.570
2019-10-24,6.710,6.960,6.600,6.920,126235.490
2019-10-25,6.760,6.790,6.660,6.700,54360.780
2019-10-28,6.960,6.980,6.720,6.730,79501.090
2019-10-29,6.780,6.970,6.770,6.970,87750.000
2019-10-30,6.620,6.820,6.580,6.740,70703.000
2019-10-31,6.690,6.800,6.590,6.650,68383.640
2019-11-01,6.680,6.760,6.640,6.750,54666.000
2019-11-04,6.800,6.830,6.650,6.680,60890.380
2019-11-05,6.760,6.830,6.680,6.780,60877.070
2019-11-06,6.620,6.820,6.530,6.770,81373.440
2019-11-07,6.680,6.700,6.560,6.630,49168.440
2019-11-08,6.620,6.730,6.590,6.710,49151.000
2019-11-11,6.380,6.630,6.380,6.590,60381.000
2019-11-12,6.460,6.510,6.290,6.470,47843.000
2019-11-13,6.410,6.470,6.380,6.440,25240.000
2019-11-14,6.400,6.460,6.350,6.410,35318.000
2019-11-15,6.360,6.460,6.350,6.400,35805.000
2019-11-18,6.370,6.380,6.300,6.360,33243.000
2019-11-19,6.550,6.560,6.410,6.410,55021.000
2019-11-20,6.490,6.620,6.460,6.550,47987.000
2019-11-21,6.550,6.580,6.410,6.410,46963.000
2019-11-22,6.660,6.780,6.530,6.560,92792.000
2019-11-25,6.700,6.870,6.590,6.770,93775.000
2019-11-26,6.640,6.780,6.630,6.650,58925.000
2019-11-27,6.550,6.680,6.490,6.630,72561.000
2019-11-28,6.450,6.560,6.450,6.520,39080.940
2019-11-29,6.670,6.710,6.480,6.490,103214.000
2019-12-02,6.790,6.830,6.670,6.670,83956.000
2019-12-03,6.820,6.820,6.670,6.790,69101.000
2019-12-04,6.750,6.810,6.670,6.810,62936.000
2019-12-05,6.770,6.800,6.720,6.740,50785.000
2019-12-06,6.790,6.800,6.720,6.770,39918.000
2019-12-09,6.900,6.940,6.790,6.830,60329.000
2019-12-10,6.870,6.940,6.830,6.940,40669.000
2019-12-11,7.020,7.070,6.850,6.900,83350.000
2019-12-12,7.000,7.030,6.910,7.010,64508.000
2019-12-13,7.060,7.060,6.960,7.010,64197.000
2019-12-16,7.110,7.110,7.040,7.070,69574.000
2019-12-17,7.090,7.140,7.030,7.110,75937.000
2019-12-18,7.020,7.120,7.000,7.070,72392.000
2019-12-19,7.190,7.210,7.000,7.000,85799.000
2019-12-20,7.100,7.190,7.080,7.160,47150.750
2019-12-23,6.970,7.130,6.940,7.080,51875.200
2019-12-24,7.040,7.060,6.950,6.990,30576.000
2019-12-25,7.180,7.200,7.040,7.040,61419.000
2019-12-26,7.280,7.370,7.200,7.210,69042.000
2019-12-27,7.240,7.360,7.230,7.300,68305.000
2019-12-30,7.320,7.320,7.100,7.170,63980.120
2019-12-31,7.400,7.440,7.290,7.310,55282.000
2020-01-02,7.460,7.570,7.400,7.420,96964.330
2020-01-03,7.980,8.150,7.500,7.550,189827.000
2020-01-06,8.070,8.240,7.910,7.980,167957.000
2020-01-07,8.220,8.350,8.060,8.100,127146.000
2020-01-08,8.090,8.260,8.070,8.120,106753.000
2020-01-09,8.130,8.210,8.020,8.100,83751.000
2020-01-10,8.060,8.160,7.990,8.100,74084.000
2020-01-13,8.090,8.090,7.930,8.050,71459.000
2020-01-14,8.220,8.250,8.020,8.070,98819.000
2020-01-15,8.050,8.240,7.920,8.240,117597.000
2020-01-16,7.950,8.060,7.940,8.030,49158.430
2020-01-17,8.000,8.020,7.920,8.020,33631.000
2020-01-20,8.590,8.630,8.140,8.250,154534.000
2020-01-21,8.380,8.700,8.320,8.620,127258.000
2020-01-22,8.280,8.390,8.160,8.390,80884.000
2020-01-23,8.070,8.420,7.980,8.270,93144.000
2020-02-03,7.260,7.460,7.260,7.260,105425.000
2020-02-04,7.540,7.750,7.100,7.100,165071.000
2020-02-05,7.570,7.740,7.420,7.530,123318.000
2020-02-06,7.790,7.870,7.470,7.570,128669.000
2020-02-07,7.670,7.800,7.560,7.750,113665.000
2020-02-10,7.810,7.810,7.580,7.580,85143.000
2020-02-11,7.730,7.920,7.700,7.880,66682.000
2020-02-12,7.770,7.790,7.650,7.740,62441.000
2020-02-13,7.770,7.900,7.710,7.730,74040.000
2020-02-14,7.700,7.780,7.650,7.770,61416.000
2020-02-17,7.950,7.950,7.710,7.710,74432.000
2020-02-18,8.140,8.180,7.930,7.970,87226.000
2020-02-19,8.250,8.790,8.100,8.140,187535.000
2020-02-20,8.380,8.380,8.150,8.290,118694.000
2020-02-21,8.380,8.530,8.310,8.360,99434.000
2020-02-24,8.350,8.410,8.200,8.410,118191.000
2020-02-25,8.190,8.250,7.800,8.160,127544.000
2020-02-26,8.440,8.530,8.000,8.090,176919.000
2020-02-27,8.350,8.580,8.240,8.400,84728.000
2020-02-28,8.010,8.160,7.820,8.100,135716.000
2020-03-02,8.610,8.650,8.080,8.150,189739.000
2020-03-03,8.630,8.960,8.540,8.780,192827.000
2020-03-04,8.560,8.630,8.400,8.490,127137.000
2020-03-05,8.840,8.900,8.610,8.650,169950.000
2020-03-06,8.980,9.270,8.850,8.900,207649.000
